,name,price,from,to,vendor,cat_hash,cat,date
0,Potassium chlorate 40g,0.01733222,EU,,TorChem,pbmKV0iowm,Weapons/Fireworks,2014-07-30
1,Juice Monkey,5.11300610,,,weaponsguy,RuXVKCci11,Weapons/Lethal firearms,2014-07-30
2,JA 22 Full ESCROW,3.46644481,,,weaponsguy,RuXVKCci11,Weapons/Lethal firearms,2014-07-30
3,Custom for AARONABE,2.94647809,,,weaponsguy,RuXVKCci11,Weapons/Lethal firearms,2014-07-30
4,2.5 Cocaine 85%+ $85/g,0.38130892,USA,Worldwide,SamWalton,RuXVKCci11,Weapons/Lethal firearms,2014-07-30
5,JA 380 FULL ESCROW,3.46644481,,,weaponsguy,RuXVKCci11,Weapons/Lethal firearms,2014-07-30
6,Suppressor + Mosquito package. NO FE. FULL ESCROW,4.67970049,USA,,thechaoticneutral,RuXVKCci11,Weapons/Lethal firearms,2014-07-30
7,Any Glock You Want FULL ESCROW,4.33305601,,,weaponsguy,RuXVKCci11,Weapons/Lethal firearms,2014-07-30
8,Long range AR,5.19966722,USA,,GuninRunin,RuXVKCci11,Weapons/Lethal firearms,2014-07-30
9,Any Pistol YOU WANT full Escrow,4.33305601,,,weaponsguy,RuXVKCci11,Weapons/Lethal firearms,2014-07-30
10,Weapon Stealth and Express Shipping Fee.,0.51996672,,,weaponsguy,RuXVKCci11,Weapons/Lethal firearms,2014-07-30
11,Kimber 1911 Custom 45 Handgun,3.89000000,USA,,space100...,RuXVKCci11,Weapons/Lethal firearms,2014-07-30
12,Versatile Rifle Package NO FE FULL ESCROW,5.11300610,USA,,thechaoticneutral,RuXVKCci11,Weapons/Lethal firearms,2014-07-30
13,Keltec PF9 9mm NO FE. Full Escrow,1.64656128,USA,,thechaoticneutral,RuXVKCci11,Weapons/Lethal firearms,2014-07-30
14,Suppressor Ready Sig Mosquito 22lr NO FE FULL ESCROW,1.64656128,USA,,thechaoticneutral,RuXVKCci11,Weapons/Lethal firearms,2014-07-30
15,Jimenez 9MM FULL ESCROW,3.20646145,,,weaponsguy,RuXVKCci11,Weapons/Lethal firearms,2014-07-30
16,Glock 21- .45 caliber,4.33305601,USA,USA,PurpleMoneyInc,RuXVKCci11,Weapons/Lethal firearms,2014-07-30
17,Glock 17c FULL ESCROW,2.07986688,USA,,thechaoticneutral,RuXVKCci11,Weapons/Lethal firearms,2014-07-30
18,PRICE DROP Taurus PT111 Millennium NO FE Full escrow,1.29991680,USA,,thechaoticneutral,RuXVKCci11,Weapons/Lethal firearms,2014-07-30
19,"Full Auto SBR 8.5"" barrel",5.19966722,USA,World,GuninRunin,RuXVKCci11,Weapons/Lethal firearms,2014-07-30
20,Glock 19 gen 3 with 2 mags,3.11980033,USA,,Guns_Ammo,RuXVKCci11,Weapons/Lethal firearms,2014-07-30
21,Reducteur silenceur 22LR rimfire,0.31050000,,,matthias75015,RuXVKCci11,Weapons/Lethal firearms,2014-07-30
22,Suppressor Ready Walther P22 NO FE FULL ESCROW,1.38657792,USA,,thechaoticneutral,RuXVKCci11,Weapons/Lethal firearms,2014-07-30
23,2 Glock 19's Full Escrow,7.62617859,,,weaponsguy,RuXVKCci11,Weapons/Lethal firearms,2014-07-30
24,Glock 17c FULL ESCROW,2.07986688,USA,,thechaoticneutral,RuXVKCci11,Weapons/Lethal firearms,2014-07-30
25,Price Drop!!!! 9mm Jimenez Arms,0.64995840,USA,,cheqdropz,RuXVKCci11,Weapons/Lethal firearms,2014-07-30
26,Full auto SBR or Piston,5.19966722,USA,,GuninRunin,RuXVKCci11,Weapons/Lethal firearms,2014-07-30
27,AK47c NO FE FULL ESCROW,2.77315585,USA,,thechaoticneutral,RuXVKCci11,Weapons/Lethal firearms,2014-07-30
28,Gen 3 Glock 23 with 2 magazines,3.11980033,USA,,Guns_Ammo,RuXVKCci11,Weapons/Lethal firearms,2014-07-30
29,suppressor's bajonet adapter for .22 rimfire pistols.,0.29000000,,,matthias75015,RuXVKCci11,Weapons/Lethal firearms,2014-07-30
30,Hidden Listing 4 Good Customer,4.33305601,,,RTBArms,RuXVKCci11,Weapons/Lethal firearms,2014-07-30
31,5 g 90% pure HCL cocaine,1.12640366,France,,cocainedealer,qNh4FhpMVd,Drugs/Stimulants/Cocaine,2014-07-30
32,"3.5g FISHSCALE Cocaine, HQ Coke, Cola,",0.82093826,UK,Worldwide,FerrariBlack1,qNh4FhpMVd,Drugs/Stimulants/Cocaine,2014-07-30
33,1 Gram of UKWHITE'S Sociable Cocaine ----FULL ESCROW----,0.15620389,UK,,UKWHITE,qNh4FhpMVd,Drugs/Stimulants/Cocaine,2014-07-30
34,**AUS ONLY** (1OZ) 28G THE PEARL...PURE COKE,4.32164118,USA,AUS,TheOutlets!,qNh4FhpMVd,Drugs/Stimulants/Cocaine,2014-07-30
35,7G THE PEARL...PURE COKE,0.91986740,USA,,TheOutlets!,qNh4FhpMVd,Drugs/Stimulants/Cocaine,2014-07-30
36,10 gram very nice cocaine,1.18888522,EU,EU,BlackBazar,qNh4FhpMVd,Drugs/Stimulants/Cocaine,2014-07-30
37,3.5 gram Cocaine Australia,1.73559886,Australia,Australia,ozconnection,qNh4FhpMVd,Drugs/Stimulants/Cocaine,2014-07-30
38,3.5 g Pure fish scale cocaine,2.73356821,Australia,Australia,dankmedgradekush101,qNh4FhpMVd,Drugs/Stimulants/Cocaine,2014-07-30
39,50g Highest Purity Cocaine - Direct From Colombia,6.07459603,USA,Worldwide,HonestCocaine,qNh4FhpMVd,Drugs/Stimulants/Cocaine,2014-07-30
40,10G Peruvian Cocaine 83%,1.37459430,Netherlands,,Hollands-Best,qNh4FhpMVd,Drugs/Stimulants/Cocaine,2014-07-30
41,ho,3.71418157,Germany,Worldwide,Toyota,qNh4FhpMVd,Drugs/Stimulants/Cocaine,2014-07-30
42,Cocaine 7g 80% Listing Australia - ESCROW,3.21085790,Australia,,Ace_Of_Spades,qNh4FhpMVd,Drugs/Stimulants/Cocaine,2014-07-30
43,Copy of ★★★★★ [Excellent] WhiteStallion's Flame Powder Cocaine 470 USD / 7G ★★★★★,0.81573146,USA,,WhiteStallion,qNh4FhpMVd,Drugs/Stimulants/Cocaine,2014-07-30
44,Virgin Mary: (7g) High Quality Cocaine,0.98929135,USA,,Milk,qNh4FhpMVd,Drugs/Stimulants/Cocaine,2014-07-30
45,0.5g Pure and Tested FLAKE/FISHSCALE Cocaine 85-95%,0.14926150,UK,UK,panacea,qNh4FhpMVd,Drugs/Stimulants/Cocaine,2014-07-30
46,93% pure columbian coke 3 gram,0.49464567,Germany,WORLDWIDE,jimmyho5,qNh4FhpMVd,Drugs/Stimulants/Cocaine,2014-07-30
47,3.5gram High Heat Cocaine,0.58142562,Canada,,CanadianSupply,qNh4FhpMVd,Drugs/Stimulants/Cocaine,2014-07-30
48,"COKE From PERU 93%, 2 gram, FINALIZE EARLY (FE)",0.33844177,Germany,Worldwide,Toyota,qNh4FhpMVd,Drugs/Stimulants/Cocaine,2014-07-30
49,0.5g Pure Bolivian Cocaine 85%+ Coca UK Fast Post,0.14752590,UK,UK,killerbong,qNh4FhpMVd,Drugs/Stimulants/Cocaine,2014-07-30
50,★★★★★ [Excellent] WhiteStallion's Flame Powder Cocaine 470 USD / 7G ★★★★★,0.81573146,USA,,WhiteStallion,qNh4FhpMVd,Drugs/Stimulants/Cocaine,2014-07-30
51,2g Cocaine Grade A+,0.38183175,USA,Worldwide,aaapee911,qNh4FhpMVd,Drugs/Stimulants/Cocaine,2014-07-30
52,** 5 Gram 80% Pure Colombian Cocaine **,0.65258517,Netherlands,,SMOOTHCRIMINALnl,qNh4FhpMVd,Drugs/Stimulants/Cocaine,2014-07-30
53,***PHARMACEUTICAL GRADE COCAINE***  Premium Uncut - 1 Gram,0.30372980,UK,,Budworx,qNh4FhpMVd,Drugs/Stimulants/Cocaine,2014-07-30
54,Synthetic Cocaine 25g,1.08301369,CzechRepublic,,HappyDrugs,qNh4FhpMVd,Drugs/Stimulants/Cocaine,2014-07-30
55,Synthetic Cocaine 100g,3.94848742,CzechRepublic,,HappyDrugs,qNh4FhpMVd,Drugs/Stimulants/Cocaine,2014-07-30
56,20g Highest Purity Cocaine - Direct From Colombia,2.77695818,USA,Worldwide,HonestCocaine,qNh4FhpMVd,Drugs/Stimulants/Cocaine,2014-07-30
57,1g Pure Bolivian Cocaine 85%+ Coca UK Fast Post,0.26033983,UK,UK,killerbong,qNh4FhpMVd,Drugs/Stimulants/Cocaine,2014-07-30
58,2 Grams of Premium FISHSCALE Cocaine HQ  ----FULL ESCROW----,0.53803564,UK,,UKWHITE,qNh4FhpMVd,Drugs/Stimulants/Cocaine,2014-07-30
59,1.0g Pure and Tested FLAKE/FISHSCALE Cocaine 85-95%,0.29678740,UK,UK,panacea,qNh4FhpMVd,Drugs/Stimulants/Cocaine,2014-07-30
60,(1OZ) 28G THE PEARL...PURE COKE,3.38441779,USA,,TheOutlets!,qNh4FhpMVd,Drugs/Stimulants/Cocaine,2014-07-30
61,1 x NEW STYLE Knuckle Dusters,0.04333056,Australia,,RagnarLodbrok,TbngW7XUlo,Weapons/Melee,2014-07-30
62,Stun Dusters,0.17158901,World,,stiffstyles,TbngW7XUlo,Weapons/Melee,2014-07-30
63,4 X Stealth Knuckle Dusters X 4,0.15599001,Australia,Worldwide,RagnarLodbrok,TbngW7XUlo,Weapons/Melee,2014-07-30
64,Flashlight style stun gun,0.22358569,rland,,stiffstyles,TbngW7XUlo,Weapons/Melee,2014-07-30
65,2 X Stealth Knuckle Dusters X 2,0.08666112,Australia,,RagnarLodbrok,TbngW7XUlo,Weapons/Melee,2014-07-30
66,STEALTH KNIFE CARD,0.02599833,EU,,fake,TbngW7XUlo,Weapons/Melee,2014-07-30
67,1  x Stealth Knuckle Dusters FE SPECIAL DISCOUNT $5,0.03466444,Australia,WORLDWIDE,RagnarLodbrok,TbngW7XUlo,Weapons/Melee,2014-07-30
68,1 x NEW STYLE Knuckle Dusters FE SPECIAL DISCOUNT $5,0.03466444,Australia,,RagnarLodbrok,TbngW7XUlo,Weapons/Melee,2014-07-30
69,10 X Stealth Knuckle Dusters X 10,0.32931225,Australia,Worldwide,RagnarLodbrok,TbngW7XUlo,Weapons/Melee,2014-07-30
70,PEPPER SPRAY (TOXIC SHIT),0.13692457,Australia,,stiffstyles,TbngW7XUlo,Weapons/Melee,2014-07-30
71,1  x Stealth Knuckle Dusters,0.04333056,Australia,WORLDWIDE,RagnarLodbrok,TbngW7XUlo,Weapons/Melee,2014-07-30
72,Neck/boot knife,0.04333056,Australia,Australia,hot-potato,TbngW7XUlo,Weapons/Melee,2014-07-30
73,3x POLICE ALARM STUN GUN,0.34491125,USA,,stiffstyles,TbngW7XUlo,Weapons/Melee,2014-07-30
74,Bruce Lee Nunchaku,0.27298252,China,,stiffstyles,TbngW7XUlo,Weapons/Melee,2014-07-30
75,Self Defense (wolfs fangs) mace  style FLASHLIGHT,0.25998336,China,,stiffstyles,TbngW7XUlo,Weapons/Melee,2014-07-30
76,Self Defense Baseball Bat Style LED FLASHLIGHT,0.25998336,China,,stiffstyles,TbngW7XUlo,Weapons/Melee,2014-07-30
77,Tazer Flashlight - Self-defense Lantern Electric shocker,0.08492789,Sweden,,sweshroom,TbngW7XUlo,Weapons/Melee,2014-07-30
78,3x  STUN GUN,0.34491125,USA,,stiffstyles,TbngW7XUlo,Weapons/Melee,2014-07-30
79,Carbon Extendable Baton,0.20365363,China,,stiffstyles,TbngW7XUlo,Weapons/Melee,2014-07-30
80,Thorn Style Brass Knuckles,0.15165696,China,,stiffstyles,TbngW7XUlo,Weapons/Melee,2014-07-30
81,2 x Stealth Knuckle Dusters FE SPECIAL DISCOUNT $10,0.06932889,Australia,,RagnarLodbrok,TbngW7XUlo,Weapons/Melee,2014-07-30
82,Iphone Style Tazer--(Black)--and led flashlight 802 type High-power Electronic self defense device,0.15425679,Sweden,,sweshroom,TbngW7XUlo,Weapons/Melee,2014-07-30
83,Microtech Troodon OTF / Double Action OTF Partial Serration,0.17158901,Sweden,,sweshroom,TbngW7XUlo,Weapons/Melee,2014-07-30
84,Savage Valley Expandable Baton,0.24698419,China,,stiffstyles,TbngW7XUlo,Weapons/Melee,2014-07-30
85,Skull Brass Knuckle,0.16032307,China,,stiffstyles,TbngW7XUlo,Weapons/Melee,2014-07-30
86,Thin Brass Knuckles,0.12565862,China,,stiffstyles,TbngW7XUlo,Weapons/Melee,2014-07-30
87,50X STEALTH KNIFE CARDS - BULK,0.51823349,China,,fake,TbngW7XUlo,Weapons/Melee,2014-07-30
88,YRG Powerful Radium Hammer  Expandable YRGBATONS Self-defense Equipment,0.10226012,Sweden,,sweshroom,TbngW7XUlo,Weapons/Melee,2014-07-30
89,Key Chain Pepper Spray,0.11699251,China,,stiffstyles,TbngW7XUlo,Weapons/Melee,2014-07-30
90,STEALTH KNIFE BELT,0.05199667,China,,fake,TbngW7XUlo,Weapons/Melee,2014-07-30
91,Sky 5 shooting (with spare ammo),0.57023017,rland,,stiffstyles,SrT9NkgbRe,Weapons/Non-lethal firearms,2014-07-30
92,Marlboro cigarette case STUN GUN,0.08492789,China,,fake,SrT9NkgbRe,Weapons/Non-lethal firearms,2014-07-30
93,free shipping - Pepperspray - 40ml Selfdefence,0.03293122,Denmark,,InSideYou,SrT9NkgbRe,Weapons/Non-lethal firearms,2014-07-30
94,Lighter Pepper Spray,0.06066278,China,,fake,SrT9NkgbRe,Weapons/Non-lethal firearms,2014-07-30
95,Free pepperspray for customers!,0.00017332,Denmark,,InSideYou,SrT9NkgbRe,Weapons/Non-lethal firearms,2014-07-30
96,Very strong taser phone - million-volt!,0.12130823,,,businessdude,SrT9NkgbRe,Weapons/Non-lethal firearms,2014-07-30
97,Stun Knuckles,0.17332224,China,,stiffstyles,SrT9NkgbRe,Weapons/Non-lethal firearms,2014-07-30
98,Wave Style Nunchaku,0.27298252,China,,stiffstyles,SrT9NkgbRe,Weapons/Non-lethal firearms,2014-07-30
99,Flashlight Style Stun Gun,0.26864947,China,,stiffstyles,SrT9NkgbRe,Weapons/Non-lethal firearms,2014-07-30
100,Malboro CIgarette STUN GUN,0.17332224,China,,stiffstyles,SrT9NkgbRe,Weapons/Non-lethal firearms,2014-07-30
101,Shaver Style Stun Gun,0.21665280,China,,stiffstyles,SrT9NkgbRe,Weapons/Non-lethal firearms,2014-07-30
102,FLASHLIGHT style stun gun,0.15165696,China,,stiffstyles,SrT9NkgbRe,Weapons/Non-lethal firearms,2014-07-30
103,4x STUN GUNS 9.8 MILLION VOLTS!!,0.51823349,USA,,stiffstyles,SrT9NkgbRe,Weapons/Non-lethal firearms,2014-07-30
104,Lipstick Style Stun Gun,0.15599001,China,,stiffstyles,SrT9NkgbRe,Weapons/Non-lethal firearms,2014-07-30
105,MINI Stun Gun,0.14299084,China,,stiffstyles,SrT9NkgbRe,Weapons/Non-lethal firearms,2014-07-30
106,Airsoft cache- 8 guns,0.86487798,USA,,stiffstyles,SrT9NkgbRe,Weapons/Non-lethal firearms,2014-07-30
107,Single Finger Stun Gun,0.17332224,China,,stiffstyles,SrT9NkgbRe,Weapons/Non-lethal firearms,2014-07-30
108,BMW Car Key  miniStun Gun,0.17332224,,,stiffstyles,SrT9NkgbRe,Weapons/Non-lethal firearms,2014-07-30
109,STUN GUN mobile phone style,0.14299084,China,,stiffstyles,SrT9NkgbRe,Weapons/Non-lethal firearms,2014-07-30
110,custom hotel booking,1.74188851,,,livinglarge,SrT9NkgbRe,Weapons/Non-lethal firearms,2014-07-30
111,Mini Stun Gun,0.19932057,China,,stiffstyles,SrT9NkgbRe,Weapons/Non-lethal firearms,2014-07-30
112,"Telescopic Expandable Baton Black 21""",0.05026344,EU,,Clausewitz,SrT9NkgbRe,Weapons/Non-lethal firearms,2014-07-30
113,Onestoppornoshop.com - [LIFETIME PORN PREMIUM ACCOUNT],0.01733252,rland,,NotoSeller,pSd85riTbr,Data/Accounts,2014-07-30
114,CrunchyRoll Account [LIFETIME + FREEBIES],0.00866626,,,DrawkwarD,pSd85riTbr,Data/Accounts,2014-07-30
115,1 SpyEye Bot - mid of 2013 - full log - from 200kb and up to 10 mgb,0.09532888,Internet,,HellMaker,pSd85riTbr,Data/Accounts,2014-07-30
116,NBA League Pass [LIFETIME + FREEBIES],0.01733252,,,DrawkwarD,pSd85riTbr,Data/Accounts,2014-07-30
117,FantasyHD.com - [LIFETIME PORN PREMIUM ACCOUNT],0.01733252,rland,,NotoSeller,pSd85riTbr,Data/Accounts,2014-07-30
118,Netflix Account - Lifetime Warranty!,0.00857959,,,MagicHat,pSd85riTbr,Data/Accounts,2014-07-30
119,List of 200 email adresses with passwords.,0.02773203,,,jesse,pSd85riTbr,Data/Accounts,2014-07-30
120,12-Month GENUINE Spotify Premium Code [LIMITED STOCK],0.04333131,,,CipherCracks,pSd85riTbr,Data/Accounts,2014-07-30
121,FootFetishDaily.com - [LIFETIME PORN PREMIUM ACCOUNT],0.01733252,rland,,NotoSeller,pSd85riTbr,Data/Accounts,2014-07-30
122,Mofos Account [LIFETIME + FREEBIES],0.01600000,,,thesecretsociety,pSd85riTbr,Data/Accounts,2014-07-30
123,FemJoy.com - [LIFETIME PORN PREMIUM ACCOUNT],0.01733252,rland,,NotoSeller,pSd85riTbr,Data/Accounts,2014-07-30
124,HBO GO Account [LIFETIME + FREEBIES],0.01733252,,,DrawkwarD,pSd85riTbr,Data/Accounts,2014-07-30
125,Lumosity Account [LIFETIME + FREEBIES],0.00866626,,,CipherCracks,pSd85riTbr,Data/Accounts,2014-07-30
126,DDF Network Account [LIFETIME + FREEBIES],0.01733252,,,CipherCracks,pSd85riTbr,Data/Accounts,2014-07-30
127,Hulu Plus [LIFETIME + FREEBIES],0.00866626,,,DrawkwarD,pSd85riTbr,Data/Accounts,2014-07-30
128,Increase Sperm Count NATURALLY,0.00693300,,,cyberzen,pSd85riTbr,Data/Accounts,2014-07-30
129,List of 500 email adresses with passwords.,0.04159805,,,jesse,pSd85riTbr,Data/Accounts,2014-07-30
130,BangBros Account [LIFETIME + FREEBIES],0.01500000,,,thesecretsociety,pSd85riTbr,Data/Accounts,2014-07-30
131,4 Million+ GMail Addresses - Updated & Validated Frequently,0.28598665,rland,,Aracay,pSd85riTbr,Data/Accounts,2014-07-30
132,Brazzers Account [LIFETIME + FREEBIES],0.01733252,,,CipherCracks,pSd85riTbr,Data/Accounts,2014-07-30
133,50 SpyEye BotS - mid of 2013 - full log - from 200kb and up to 10 mgb,3.89981800,Internet,,HellMaker,pSd85riTbr,Data/Accounts,2014-07-30
134,Spotify Premium Account  [LIFETIME + FREEBIES],0.00866626,,,DrawkwarD,pSd85riTbr,Data/Accounts,2014-07-30
135,MyGF.com Account [LIFETIME + FREEBIES],0.01600000,,,thesecretsociety,pSd85riTbr,Data/Accounts,2014-07-30
136,Brazzers Premium Account [LIFETIME + FREEBIES],0.01599999,,,thesecretsociety,pSd85riTbr,Data/Accounts,2014-07-30
137,5 Million+ Yahoo Mail Addresses - Updated & Validated Frequently,0.36398301,rland,,Aracay,pSd85riTbr,Data/Accounts,2014-07-30
138,NHL GameCenter Account [LIFETIME + FREEBIES],0.01733252,,,CipherCracks,pSd85riTbr,Data/Accounts,2014-07-30
139,"list of 180 passport numbers, dob, name, nationality, etc.",0.05199757,,,jesse,pSd85riTbr,Data/Accounts,2014-07-30
140,22 Million+ Email Addresses & Email Sender Software,0.39864806,rland,,Aracay,pSd85riTbr,Data/Accounts,2014-07-30
141,VENDOR account HYDRA,0.22532281,,,alfapentedron,pSd85riTbr,Data/Accounts,2014-07-30
142,Your Own .onion Domain + 1 month Tor hosting (no CP),0.02521882,Internet,rland,Contingency,pSd85riTbr,Data/Accounts,2014-07-30
143,Paypal account with 250 $ balance + Credit Card + Bank Account Verified,0.12997660,,,passman,pSd85riTbr,Data/Accounts,2014-07-30
144,CarFax Account [LIFETIME + FREEBIES],0.01733252,,,DrawkwarD,pSd85riTbr,Data/Accounts,2014-07-30
145,USTVNow Account [LIFETIME + FREEBIES],0.01733252,,,CipherCracks,pSd85riTbr,Data/Accounts,2014-07-30
146,Hotspot Shield Elite : VPN : 180 days legitimate license,0.02166565,,,sereal,pSd85riTbr,Data/Accounts,2014-07-30
147,GF Revenge Account [LIFETIME + FREEBIES],0.02599878,,,DrawkwarD,pSd85riTbr,Data/Accounts,2014-07-30
148,VideosZ Account [LIFETIME + FREEBIES],0.01733252,,,CipherCracks,pSd85riTbr,Data/Accounts,2014-07-30
149,VERIFIED PAYPAL ACCOUNT + REAL VISA ATTACHED,0.12132767,EU,,fake,pSd85riTbr,Data/Accounts,2014-07-30
150,10 SpyEye BotS - mid of 2013 - full log - from 200kb and up to 10 mgb,0.86662622,Internet,,HellMaker,pSd85riTbr,Data/Accounts,2014-07-30
151,RealityKings Account [LIFETIME + FREEBIES],0.01733252,,,CipherCracks,pSd85riTbr,Data/Accounts,2014-07-30
152,Twistys Account [LIFETIME + FREEBIES],0.01733252,,,CipherCracks,pSd85riTbr,Data/Accounts,2014-07-30
153,IPTorrents Invite,0.01733252,,,CipherCracks,pSd85riTbr,Data/Accounts,2014-07-30
154,DeepWeb Marketplace Invite Codes,0.00173325,Internet,,MagicHat,pSd85riTbr,Data/Accounts,2014-07-30
155,Sirius XM Account [LIFETIME + FREEBIES],0.01733252,,,CipherCracks,pSd85riTbr,Data/Accounts,2014-07-30
156,Chegg Study Account [LIFETIME + FREEBIES],0.01733252,,,DrawkwarD,pSd85riTbr,Data/Accounts,2014-07-30
157,DaGfs.com - [LIFETIME PORN PREMIUM ACCOUNT],0.01733252,rland,,NotoSeller,pSd85riTbr,Data/Accounts,2014-07-30
158,Britannica Online Premium : legitimate subscription credentials,0.06066383,,,sereal,pSd85riTbr,Data/Accounts,2014-07-30
159,Naughty America Account [LIFETIME + FREEBIES],0.01733252,,,DrawkwarD,pSd85riTbr,Data/Accounts,2014-07-30
160,NBA League Pass Account [LIFETIME + FREEBIES],0.01733252,,,CipherCracks,pSd85riTbr,Data/Accounts,2014-07-30
161,Casting Couch X [LIFETIME + FREEBIES],0.01733252,,,DrawkwarD,pSd85riTbr,Data/Accounts,2014-07-30
162,1 Random Email+Password (Hacked),0.00864892,,,passman,pSd85riTbr,Data/Accounts,2014-07-30
163,WWE Network [LIFETIME + FREEBIES],0.01733252,,,DrawkwarD,pSd85riTbr,Data/Accounts,2014-07-30
164,BUSINESS VERIFIED FRESH PAYPAL ACCOUNT,0.25998786,,,fake,pSd85riTbr,Data/Accounts,2014-07-30
165,USTVNow Account [LIFETIME + FREEBIES],0.01733252,,,DrawkwarD,pSd85riTbr,Data/Accounts,2014-07-30
166,Barclays Premier League Account [LIFETIME + FREEBIES],0.01733252,,,DrawkwarD,pSd85riTbr,Data/Accounts,2014-07-30
167,"SPECIAL OFFER!! buy three [PornPremiumAccounts], pay Two",0.03466504,rland,,NotoSeller,pSd85riTbr,Data/Accounts,2014-07-30
168,VideoBox.com - [LIFETIME PORN PREMIUM ACCOUNT],0.01733252,rland,,NotoSeller,pSd85riTbr,Data/Accounts,2014-07-30
169,VERIFIED BITCOIN EXCHANGER ACCOUNT + VISA,0.17332524,EU,,fake,pSd85riTbr,Data/Accounts,2014-07-30
170,DDF Network [LIFETIME + FREEBIES],0.01733252,,,DrawkwarD,pSd85riTbr,Data/Accounts,2014-07-30
171,Reality Kings Account [LIFETIME + FREEBIES],0.01733252,,,DrawkwarD,pSd85riTbr,Data/Accounts,2014-07-30
172,MyGF.com Account [LIFETIME + FREEBIES],0.01733252,,,DrawkwarD,pSd85riTbr,Data/Accounts,2014-07-30
173,"Free VPN For Windows, Mac & Linux",0.00693300,,,cyberzen,pSd85riTbr,Data/Accounts,2014-07-30
174,MLB.TV Account [LIFETIME + FREEBIES],0.01733252,,,CipherCracks,pSd85riTbr,Data/Accounts,2014-07-30
175,FULLY VERIFIED PAYPAL ACCOUNT + VISA,0.25998786,EU,,fake,pSd85riTbr,Data/Accounts,2014-07-30
176,100 SpyEye BotS - mid of 2013 - full log - from 200kb and up to 10 mgb,6.93300979,Internet,,HellMaker,pSd85riTbr,Data/Accounts,2014-07-30
177,Spotify Premium Account [LIFETIME + FREEBIES],0.00866626,,,CipherCracks,pSd85riTbr,Data/Accounts,2014-07-30
178,HBO GO Account [LIFETIME + FREEBIES],0.01733252,,,CipherCracks,pSd85riTbr,Data/Accounts,2014-07-30
179,Evil Angel Account [LIFETIME + FREEBIES],0.01733252,,,DrawkwarD,pSd85riTbr,Data/Accounts,2014-07-30
180,CrunchyRoll Account [LIFETIME + FREEBIES],0.00866626,,,CipherCracks,pSd85riTbr,Data/Accounts,2014-07-30
181,Fantasy HD Premium Account [LIFETIME + FREEBIES],0.01733252,,,DrawkwarD,pSd85riTbr,Data/Accounts,2014-07-30
182,GAMESTOP POWER UP REWARDS - 75% DISCOUNT!,0.00346650,,,DrawkwarD,pSd85riTbr,Data/Accounts,2014-07-30
183,[SOCKS5 Finder] Proxy Scanner Proxy For Windows,0.00693300,,,cyberzen,pSd85riTbr,Data/Accounts,2014-07-30
184,Premiummember.com - [LIFETIME PORN PREMIUM ACCOUNT],0.01733252,rland,,NotoSeller,pSd85riTbr,Data/Accounts,2014-07-30
185,Twistys.com - [LIFETIME PORN PREMIUM ACCOUNT],0.01733252,rland,,NotoSeller,pSd85riTbr,Data/Accounts,2014-07-30
186,DISHWorld Account [LIFETIME + FREEBIES],0.01733252,,,CipherCracks,pSd85riTbr,Data/Accounts,2014-07-30
187,GF Revenge Account [LIFETIME + FREEBIES],0.01733252,,,CipherCracks,pSd85riTbr,Data/Accounts,2014-07-30
188,Creampiethais.com - [LIFETIME PORN PREMIUM ACCOUNT],0.01733252,rland,,NotoSeller,pSd85riTbr,Data/Accounts,2014-07-30
189,MLB.TV Account [LIFETIME + FREEBIES],0.01733252,,,DrawkwarD,pSd85riTbr,Data/Accounts,2014-07-30
190,Lynda Premium Account [LIFETIME + FREEBIES],0.01733252,,,CipherCracks,pSd85riTbr,Data/Accounts,2014-07-30
191,Wicked.com - [LIFETIME PORN PREMIUM ACCOUNT],0.01733252,rland,,NotoSeller,pSd85riTbr,Data/Accounts,2014-07-30
192,DISH Anywhere Account [320+ CHANNELS][LIFETIME + FREEBIES],0.04333131,,,DrawkwarD,pSd85riTbr,Data/Accounts,2014-07-30
193,College Rules Account [LIFETIME + FREEBIES],0.01733252,,,DrawkwarD,pSd85riTbr,Data/Accounts,2014-07-30
194,Toriblack.com - [LIFETIME PORN PREMIUM ACCOUNT],0.01733252,rland,,NotoSeller,pSd85riTbr,Data/Accounts,2014-07-30
195,FootFetishDaily.com - [LIFETIME PORN PREMIUM ACCOUNT],0.01733252,rland,,NotoSeller,pSd85riTbr,Data/Accounts,2014-07-30
196,Netflix Account [LIFETIME + FREEBIES],0.00866626,,,CipherCracks,pSd85riTbr,Data/Accounts,2014-07-30
197,Brazzers.com - [LIFETIME PORN PREMIUM ACCOUNT],0.01733252,rland,,NotoSeller,pSd85riTbr,Data/Accounts,2014-07-30
198,Credit Card Info with CVV/CVV2,0.04061010,Internet,,starlight,pSd85riTbr,Data/Accounts,2014-07-30
199,FOX Soccer 2Go Account [LIFETIME + FREEBIES],0.02599878,,,DrawkwarD,pSd85riTbr,Data/Accounts,2014-07-30
200,Chegg Study Account [LIFETIME + FREEBIES],0.01733252,,,CipherCracks,pSd85riTbr,Data/Accounts,2014-07-30
201,Verizon Mobile TV Account [LIFETIME + FREEBIES],0.01733252,,,CipherCracks,pSd85riTbr,Data/Accounts,2014-07-30
202,Mofos Account [LIFETIME + FREEBIES],0.01733252,,,DrawkwarD,pSd85riTbr,Data/Accounts,2014-07-30
203,FemJoy Account [LIFETIME + FREEBIES],0.01733252,,,CipherCracks,pSd85riTbr,Data/Accounts,2014-07-30
204,XFINITY Account [LIFETIME + FREEBIES],0.01733252,,,CipherCracks,pSd85riTbr,Data/Accounts,2014-07-30
205,High Quality Paypal Accounts | Cheapest On Agora | Bank/CC attached |  Verified Balances,0.00173325,,,passman,pSd85riTbr,Data/Accounts,2014-07-30
206,DirecTV STREAMING Account [LIFETIME + FREEBIES],0.01733252,,,CipherCracks,pSd85riTbr,Data/Accounts,2014-07-30
207,Digital Playground Account [LIFETIME + FREEBIES],0.01733252,,,CipherCracks,pSd85riTbr,Data/Accounts,2014-07-30
208,NaughtyAmerica Account [LIFETIME + FREEBIES],0.01733252,,,CipherCracks,pSd85riTbr,Data/Accounts,2014-07-30
209,Brazzers Premium Account [LIFETIME + FREEBIES],0.01733252,,,DrawkwarD,pSd85riTbr,Data/Accounts,2014-07-30
210,Premiumgfs.com - [LIFETIME PORN PREMIUM ACCOUNT],0.01733252,rland,,NotoSeller,pSd85riTbr,Data/Accounts,2014-07-30
211,FreeLifetimeTeen.com - [LIFETIME PORN PREMIUM ACCOUNT],0.01733252,rland,,NotoSeller,pSd85riTbr,Data/Accounts,2014-07-30
212,Shotathome.com - [LIFETIME PORN PREMIUM ACCOUNT],0.01733252,rland,,NotoSeller,pSd85riTbr,Data/Accounts,2014-07-30
213,Nubiles-Porn.com - [LIFETIME PORN PREMIUM ACCOUNT],0.01733252,rland,,NotoSeller,pSd85riTbr,Data/Accounts,2014-07-30
214,PrivateHomeClips.com - [LIFETIME PORN PREMIUM ACCOUNT],0.01733252,rland,,NotoSeller,pSd85riTbr,Data/Accounts,2014-07-30
215,DirecTV Online Streaming Account  [LIFETIME + FREEBIES],0.01733252,,,DrawkwarD,pSd85riTbr,Data/Accounts,2014-07-30
216,Mofos Account [LIFETIME + FREEBIES],0.01733252,,,CipherCracks,pSd85riTbr,Data/Accounts,2014-07-30
217,Lumosity Account [LIFETIME + FREEBIES],0.01733252,,,DrawkwarD,pSd85riTbr,Data/Accounts,2014-07-30
218,JizzBomb.com - [LIFETIME PORN PREMIUM ACCOUNT],0.01733252,rland,,NotoSeller,pSd85riTbr,Data/Accounts,2014-07-30
219,Lynda Premium Account [LIFETIME + FREEBIES],0.01733252,,,DrawkwarD,pSd85riTbr,Data/Accounts,2014-07-30
220,VPN > TOR > SOCK TUTORIAL,0.00693300,,,cyberzen,pSd85riTbr,Data/Accounts,2014-07-30
221,VPN > TOR > SOCK TUTORIAL,0.00693300,,,cyberzen,pSd85riTbr,Data/Accounts,2014-07-30
222,VideosZ Account [LIFETIME + FREEBIES],0.01733252,,,DrawkwarD,pSd85riTbr,Data/Accounts,2014-07-30
223,VPN Account [LIFETIME + FREEBIES],0.01733252,,,CipherCracks,pSd85riTbr,Data/Accounts,2014-07-30
224,Hulu Plus Account [LIFETIME + FREEBIES],0.00866626,,,CipherCracks,pSd85riTbr,Data/Accounts,2014-07-30
225,Premiumize.me Account [LIFETIME + FREEBIES],0.01733252,,,CipherCracks,pSd85riTbr,Data/Accounts,2014-07-30
226,Mofos.com - Mobile Version - [LIFETIME PORN PREMIUM ACCOUNT],0.01733252,rland,,NotoSeller,pSd85riTbr,Data/Accounts,2014-07-30
227,Team Skeet Account [LIFETIME + FREEBIES],0.01733252,,,CipherCracks,pSd85riTbr,Data/Accounts,2014-07-30
228,Rhapsody Account [LIFETIME + FREEBIES],0.01733252,,,CipherCracks,pSd85riTbr,Data/Accounts,2014-07-30
229,UFC Fight Pass [LIFETIME + FREEBIES],0.01733252,,,DrawkwarD,pSd85riTbr,Data/Accounts,2014-07-30
230,3dxstar.com - [LIFETIME PORN PREMIUM ACCOUNT],0.01733252,,,NotoSeller,pSd85riTbr,Data/Accounts,2014-07-30
231,BangBros Account [LIFETIME + FREEBIES],0.01733252,,,CipherCracks,pSd85riTbr,Data/Accounts,2014-07-30
232,14-IN-ONE Brazzers Account [LIFETIME + FREEBIES],0.08666262,,,CipherCracks,pSd85riTbr,Data/Accounts,2014-07-30
233,CHEAPEST!! EBAY ACCOUNTS WITH FEEDBACK,0.00173325,,,passman,pSd85riTbr,Data/Accounts,2014-07-30
234,14-IN-ONE Brazzers Account [LIFETIME + FREEBIES],0.08666262,,,DrawkwarD,pSd85riTbr,Data/Accounts,2014-07-30
235,Verizon FIOS Mobile TV [LIFETIME + FREEBIES],0.01733252,,,DrawkwarD,pSd85riTbr,Data/Accounts,2014-07-30
236,PantyHosed4U.com - [LIFETIME PORN PREMIUM ACCOUNT],0.01733252,rland,,NotoSeller,pSd85riTbr,Data/Accounts,2014-07-30
237,VPN > TOR > SOCK TUTORIAL,0.00693300,,,cyberzen,pSd85riTbr,Data/Accounts,2014-07-30
238,Wicked Account [LIFETIME + FREEBIES],0.01733252,,,DrawkwarD,pSd85riTbr,Data/Accounts,2014-07-30
239,Twistys Account [LIFETIME + FREEBIES],0.01733252,,,DrawkwarD,pSd85riTbr,Data/Accounts,2014-07-30
240,GAMESTOP POWER UP REWARDS - 75% DISCOUNT!,0.00346650,,,CipherCracks,pSd85riTbr,Data/Accounts,2014-07-30
241,LiveJasmin.com [Lifetime Account] Access the Biggest Live Webcam Sex Chat Website on the Planet!,0.01733252,Internet,,MagicHat,pSd85riTbr,Data/Accounts,2014-07-30
242,Passion HD Premium Account [LIFETIME + FREEBIES],0.01733252,,,DrawkwarD,pSd85riTbr,Data/Accounts,2014-07-30
243,Team Skeet Account [LIFETIME + FREEBIES],0.01733252,,,DrawkwarD,pSd85riTbr,Data/Accounts,2014-07-30
244,10 SpyEye BotS - mid of 2013 - full log - from 200kb and up to 10 mgb,0.86662622,Internet,,HellMaker,pSd85riTbr,Data/Accounts,2014-07-30
245,WWE Network Account [LIFETIME + FREEBIES],0.01733252,,,CipherCracks,pSd85riTbr,Data/Accounts,2014-07-30
246,Firstanalquest.com - [LIFETIME PORN PREMIUM ACCOUNT],0.01733252,,,NotoSeller,pSd85riTbr,Data/Accounts,2014-07-30
247,UFC Fight Pass Account [LIFETIME + FREEBIES],0.01733252,,,CipherCracks,pSd85riTbr,Data/Accounts,2014-07-30
248,College Rules Account [LIFETIME + FREEBIES],0.01733252,,,CipherCracks,pSd85riTbr,Data/Accounts,2014-07-30
249,10.000.000 emails,0.03466504,,,fake,pSd85riTbr,Data/Accounts,2014-07-30
250,Hustler Premium Account [LIFETIME + FREEBIES],0.01733252,,,DrawkwarD,pSd85riTbr,Data/Accounts,2014-07-30
251,NFL Game Pass Account [LIFETIME + FREEBIES],0.01733252,,,CipherCracks,pSd85riTbr,Data/Accounts,2014-07-30
252,ThaiGirlsWild.com - [LIFETIME PORN PREMIUM ACCOUNT],0.01733252,rland,,NotoSeller,pSd85riTbr,Data/Accounts,2014-07-30
253,Met-Art Account [LIFETIME + FREEBIES],0.01733252,,,DrawkwarD,pSd85riTbr,Data/Accounts,2014-07-30
254,JizzOnTeens.com - [LIFETIME PORN PREMIUM ACCOUNT],0.01733252,rland,,NotoSeller,pSd85riTbr,Data/Accounts,2014-07-30
255,Playboy Plus Account [LIFETIME + FREEBIES],0.01733252,,,DrawkwarD,pSd85riTbr,Data/Accounts,2014-07-30
256,Evil Angel Account [LIFETIME + FREEBIES],0.01733252,,,CipherCracks,pSd85riTbr,Data/Accounts,2014-07-30
257,SiriusXM Account [LIFETIME + FREEBIES],0.01733252,,,DrawkwarD,pSd85riTbr,Data/Accounts,2014-07-30
258,ExGf.com - [LIFETIME PORN PREMIUM ACCOUNT],0.01733252,rland,,NotoSeller,pSd85riTbr,Data/Accounts,2014-07-30
259,BarelyLegal.com - [LIFETIME PORN PREMIUM ACCOUNT],0.01733252,rland,,NotoSeller,pSd85riTbr,Data/Accounts,2014-07-30
260,IPTorrents Invite,0.01733252,,,DrawkwarD,pSd85riTbr,Data/Accounts,2014-07-30
261,MyGF Account [LIFETIME + FREEBIES],0.01733252,,,CipherCracks,pSd85riTbr,Data/Accounts,2014-07-30
262,Netflix [LIFETIME + FREEBIES],0.00866626,,,DrawkwarD,pSd85riTbr,Data/Accounts,2014-07-30
263,Pure Mature Premium Account [LIFETIME + FREEBIES],0.01733252,,,DrawkwarD,pSd85riTbr,Data/Accounts,2014-07-30
264,BangBros Account [LIFETIME + FREEBIES],0.01733252,,,DrawkwarD,pSd85riTbr,Data/Accounts,2014-07-30
265,Interracialsex.com - [LIFETIME PORN PREMIUM ACCOUNT],0.01733252,rland,,NotoSeller,pSd85riTbr,Data/Accounts,2014-07-30
266,"PORN PASSES! - Lifetime Access to Brazzers, Mofos, BustyOnes, RealityKings and Many More!!",0.01733252,,,MagicHat,pSd85riTbr,Data/Accounts,2014-07-30
267,Realitygang.com - [LIFETIME PORN PREMIUM ACCOUNT],0.01733252,rland,,NotoSeller,pSd85riTbr,Data/Accounts,2014-07-30
268,Rdio Account [LIFETIME + FREEBIES],0.01733252,,,CipherCracks,pSd85riTbr,Data/Accounts,2014-07-30
269,DISH Anywhere Account [320+ CHANNELS][LIFETIME + FREEBIES],0.04333131,,,CipherCracks,pSd85riTbr,Data/Accounts,2014-07-30
270,Crapulosos.com - [LIFETIME PORN PREMIUM ACCOUNT],0.01733252,rland,,NotoSeller,pSd85riTbr,Data/Accounts,2014-07-30
271,Porn Package - All in One - [PREMIUM PORN ACCOUNTS LIFETIME],0.08666262,,,NotoSeller,pSd85riTbr,Data/Accounts,2014-07-30
272,Teenpornopass.com - [LIFETIME PORN PREMIUM ACCOUNT],0.01733252,rland,,NotoSeller,pSd85riTbr,Data/Accounts,2014-07-30
273,NaughtyAmerica.com - [LIFETIME PORN PREMIUM ACCOUNT],0.01733252,rland,,NotoSeller,pSd85riTbr,Data/Accounts,2014-07-30
274,NFL Game Pass Account [LIFETIME + FREEBIES],0.01733252,,,DrawkwarD,pSd85riTbr,Data/Accounts,2014-07-30
275,HDBits.org Invite,0.01733252,,,CipherCracks,pSd85riTbr,Data/Accounts,2014-07-30
276,FemJoy Account [LIFETIME + FREEBIES],0.01733252,,,DrawkwarD,pSd85riTbr,Data/Accounts,2014-07-30
277,Beats Music Account [LIFETIME + FREEBIES],0.00866626,,,DrawkwarD,pSd85riTbr,Data/Accounts,2014-07-30
278,VideoBox Account [LIFETIME + FREEBIES],0.01733252,,,DrawkwarD,pSd85riTbr,Data/Accounts,2014-07-30
279,Digital Playground Account [LIFETIME + FREEBIES],0.01733252,,,DrawkwarD,pSd85riTbr,Data/Accounts,2014-07-30
280,Passion-Hd.com - [LIFETIME PORN PREMIUM ACCOUNT],0.01733252,rland,,NotoSeller,pSd85riTbr,Data/Accounts,2014-07-30
281,List of email addresses with passwords.,0.02929196,UK,,jesse,pSd85riTbr,Data/Accounts,2014-07-30
282,4 Million+ Hotmail Addresses - Updated & Validated Frequently,0.28598665,rland,,Aracay,pSd85riTbr,Data/Accounts,2014-07-30
283,BANK LOGIN WITH 9600 EUROS INSIDE,0.86662622,rland,,smart666tiger,pSd85riTbr,Data/Accounts,2014-07-30
284,VideoBox Account [LIFETIME + FREEBIES],0.01733252,,,CipherCracks,pSd85riTbr,Data/Accounts,2014-07-30
285,IPTorrents.com invite,0.04766444,Internet,,Contingency,pSd85riTbr,Data/Accounts,2014-07-30
286,Met-Art Account [LIFETIME + FREEBIES],0.01733252,,,CipherCracks,pSd85riTbr,Data/Accounts,2014-07-30
287,KillerGram.com - [LIFETIME PORN PREMIUM ACCOUNT],0.01733252,rland,,NotoSeller,pSd85riTbr,Data/Accounts,2014-07-30
288,NaughtyAmerica.com - [LIFETIME PORN PREMIUM ACCOUNT],0.01733252,rland,,NotoSeller,pSd85riTbr,Data/Accounts,2014-07-30
289,Xfinity Account [LIFETIME + FREEBIES],0.01733252,,,DrawkwarD,pSd85riTbr,Data/Accounts,2014-07-30
290,Babes.com - [LIFETIME PORN PREMIUM ACCOUNT],0.01733252,rland,,NotoSeller,pSd85riTbr,Data/Accounts,2014-07-30
291,Casting.xxx - [LIFETIME PORN PREMIUM ACCOUNT],0.01733252,rland,,NotoSeller,pSd85riTbr,Data/Accounts,2014-07-30
292,Cheap Wells Fargo Accounts,0.00173325,,,passman,pSd85riTbr,Data/Accounts,2014-07-30
293,"(Must Have For ALL Tor Users) Anonymous VPN Software, 90 Days Subscription",0.17271157,,,passman,SqWRPxTAg3,Data/Software,2014-07-30
294,Windows 7 Home Premium + Ultimate 32/64 Bit SP1  (Pre-Activated),0.00863557,,,DrawkwarD,SqWRPxTAg3,Data/Software,2014-07-30
295,Kaspersky Endpoint Security 10 for Business SELECT : license 9-2016,0.06908462,,,sereal,SqWRPxTAg3,Data/Software,2014-07-30
296,♔ Adobe Illustrator CS6 - Hacked / Unlocked Portable Copy ♔,0.00863557,USA,,namedeclined,SqWRPxTAg3,Data/Software,2014-07-30
297,QFX KeyScrambler Premium,0.00218000,rland,,KryptykOG,SqWRPxTAg3,Data/Software,2014-07-30
298,SIW Technician's Version 2014 - System Information for Windows : legitimate license file,0.03022452,,,sereal,SqWRPxTAg3,Data/Software,2014-07-30
299,"(Must Have For ALL Tor Users) Anonymous VPN Software, 9 Days Subscription",0.03454231,,,passman,SqWRPxTAg3,Data/Software,2014-07-30
300,Adobe CS6 Master Collection x32 + x64  (PC or Mac),0.00863557,,,DrawkwarD,SqWRPxTAg3,Data/Software,2014-07-30
301,CCleaner Professional : Win : legitimate license,0.02590673,,,sereal,SqWRPxTAg3,Data/Software,2014-07-30
302,Socks 5 proxies! 90 Socks x 10 days,0.04145077,,,CheapPayTV,SqWRPxTAg3,Data/Software,2014-07-30
303,SlySoft AnyDVD : legitimate license key,0.03454231,,,sereal,SqWRPxTAg3,Data/Software,2014-07-30
304,TextPad : legitimate license,0.02245250,,,sereal,SqWRPxTAg3,Data/Software,2014-07-30
305,Microsoft Windows 7 Enterprise : legitimate product key,0.04145077,,,sereal,SqWRPxTAg3,Data/Software,2014-07-30
306,Sublime Text 2 : legitimate product key,0.04749568,,,sereal,SqWRPxTAg3,Data/Software,2014-07-30
307,250 SOCKS5 PROXIES ANY COUNTRY NOOB FRIENDLY,0.10017271,rland,,fake,SqWRPxTAg3,Data/Software,2014-07-30
308,SENuke X 2.6.24 PORTABLE - NULLED,0.00863557,Internet,,MagicHat,SqWRPxTAg3,Data/Software,2014-07-30
309,Microsoft Windows 8.1 Enterprise : legitimate volume product key,0.25906735,,,sereal,SqWRPxTAg3,Data/Software,2014-07-30
310,Bitdefender Total Security 2014 : license key 1 year,0.03454231,,,sereal,SqWRPxTAg3,Data/Software,2014-07-30
311,Microsoft Office 2010 Professional Plus : legitimate product key,0.06908462,,,sereal,SqWRPxTAg3,Data/Software,2014-07-30
312,TreeSize Professional V6.0 : legitimate installation key,0.03886010,,,sereal,SqWRPxTAg3,Data/Software,2014-07-30
313,Adobe Acrobat XI Pro : Win : legitimate serial number,0.05181347,,,sereal,SqWRPxTAg3,Data/Software,2014-07-30
314,"Free VPN For Windows, Mac & Linux",0.00690846,,,cyberzen,SqWRPxTAg3,Data/Software,2014-07-30
315,Microsoft Windows 8 Enterprise : legitimate product key,0.08635578,,,sereal,SqWRPxTAg3,Data/Software,2014-07-30
316,Microsoft Office for Mac 2011 Home & Business : legitimate product key,0.08635578,,,sereal,SqWRPxTAg3,Data/Software,2014-07-30
317,Total Commander : legitimate license,0.04317789,,,sereal,SqWRPxTAg3,Data/Software,2014-07-30
318,♔ Adobe Fireworks CS3 - Hacked / Unlocked Portable Copy ♔,0.00863557,USA,Worldwide,namedeclined,SqWRPxTAg3,Data/Software,2014-07-30
319,Rosetta Stone (PC or MAC)  All Languages,0.00863557,,,DrawkwarD,SqWRPxTAg3,Data/Software,2014-07-30
320,Microsoft System Center 2012 R2 Endpoint Protection Client,0.01899827,,,sereal,SqWRPxTAg3,Data/Software,2014-07-30
321,All Agora's and Silk Road's  Money Making Methods & Guides,0.13816925,,,cyberzen,SqWRPxTAg3,Data/Software,2014-07-30
322,SEO PowerSuite Enterprise - $699 Value!,0.02590673,Internet,,MagicHat,SqWRPxTAg3,Data/Software,2014-07-30
323,80 x 10mg diazepam generic,0.20798668,UK,uk,ukmeds,TWNyxXZkBs,Drugs/Barbiturates,2014-07-30
324,diazepa-VALIUM-GENERIC 25 x 10mg blues,0.06932889,UK,uk,ukmeds,TWNyxXZkBs,Drugs/Barbiturates,2014-07-30
325,Phenobarbital 100x (30mg) Pills,0.12132556,USA,USA,Discover,TWNyxXZkBs,Drugs/Barbiturates,2014-07-30
326,Carisoprodol SOMA 500mg (10 tablets) - UK Next Day,0.05199667,UK,Worldwide,Quantum.Black.Widow,TWNyxXZkBs,Drugs/Barbiturates,2014-07-30
327,Barbiturates/ Gardenal 60mg - 60Pills,0.11265945,India,,indianpilldaddy,TWNyxXZkBs,Drugs/Barbiturates,2014-07-30
328,Hacking for Beginners,0.04347448,,,getro,dehLhEhyKA,Data/Pirated,2014-07-30
329,Brazzers.com USER/PASS,0.01737240,,,Charlie_Bartlett,dehLhEhyKA,Data/Pirated,2014-07-30
330,Best Hacking Package,0.03999652,,,getro,dehLhEhyKA,Data/Pirated,2014-07-30
331,smurfuk hotel+flight booking,3.73011042,,,livinglarge,dehLhEhyKA,Data/Pirated,2014-07-30
332,TOP 120 Onion and Underground Websites,0.01565081,rland,,getro,dehLhEhyKA,Data/Pirated,2014-07-30
333,"Insider's Forex Trading Signals (Make Thousands of $$$'s DAILY, from my 20 yr Daytrader)",1.73897921,,,cyberzen,dehLhEhyKA,Data/Pirated,2014-07-30
334,Microsoft Office 2013,0.02260672,rland,,fatfreak,dehLhEhyKA,Data/Pirated,2014-07-30
335,Best Hacking List Tools,0.03477958,,,getro,dehLhEhyKA,Data/Pirated,2014-07-30
336,HACKED: Girls Webcams & Private Videos/Pics,0.04347448,World,Worldwide,Forvex,dehLhEhyKA,Data/Pirated,2014-07-30
337,Autodesk Autocad mechanical 2013,0.00869489,USA,,wakeside917,dehLhEhyKA,Data/Pirated,2014-07-30
338,Facialabuse.com Collection (109GB),0.03651856,USA,,wakeside917,dehLhEhyKA,Data/Pirated,2014-07-30
339,Be Completely 100% Anonymous,0.00695591,,,cyberzen,dehLhEhyKA,Data/Pirated,2014-07-30
340,The Big Bang Theory Seasons 1-7 (AVI),0.02173724,USA,,wakeside917,dehLhEhyKA,Data/Pirated,2014-07-30
341,Facial Abuse Collection (109GB),0.03651856,USA,,wakeside917,dehLhEhyKA,Data/Pirated,2014-07-30
342,SolidWorks 2014 SP3.0 (PC),0.00869489,USA,,wakeside917,dehLhEhyKA,Data/Pirated,2014-07-30
343,How To Set Up A PGP Key Easily [Images Included],0.00695591,,,cyberzen,dehLhEhyKA,Data/Pirated,2014-07-30
344,Carmella Bing Collection(25GB),0.01043387,USA,,wakeside917,dehLhEhyKA,Data/Pirated,2014-07-30
345,PublicDisgrace.com Collection (112GB),0.03912703,USA,,wakeside917,dehLhEhyKA,Data/Pirated,2014-07-30
346,Microsoft Visual Studio Professional 2013 (PC),0.00869489,USA,,wakeside917,dehLhEhyKA,Data/Pirated,2014-07-30
347,Nautica Thorn Collection (44GB),0.01825928,USA,,wakeside917,dehLhEhyKA,Data/Pirated,2014-07-30
348,backroomcastingcouch.com Siterip (27GB),0.01043387,USA,,wakeside917,dehLhEhyKA,Data/Pirated,2014-07-30
349,NCIS Seasons 1-11 (AVI),0.04782192,,,wakeside917,dehLhEhyKA,Data/Pirated,2014-07-30
350,Gianna Michaels Collection (72GB),0.02347621,USA,,wakeside917,dehLhEhyKA,Data/Pirated,2014-07-30
351,Burn Notice Complete Series (AVI),0.03477958,USA,,wakeside917,dehLhEhyKA,Data/Pirated,2014-07-30
352,Crysis 3 (PC),0.00869489,USA,,wakeside917,dehLhEhyKA,Data/Pirated,2014-07-30
353,iknowthatgirl.com Siterip (27GB),0.01043387,USA,,wakeside917,dehLhEhyKA,Data/Pirated,2014-07-30
354,Editable Assayers Certificate,0.08694896,rland,Worldwide,ToddtheGuy,dehLhEhyKA,Data/Pirated,2014-07-30
355,Highly profitable Business ideas,0.08694896,,,cyberzen,dehLhEhyKA,Data/Pirated,2014-07-30
356,Tiffany Mynx Collection (54GB),0.01825928,USA,,wakeside917,dehLhEhyKA,Data/Pirated,2014-07-30
357,"2TB USB3 EXT HDD: 2000+ Albums, 1200+ Films, 40+ Series",0.41735501,Internet,Worldwide,rage66666,dehLhEhyKA,Data/Pirated,2014-07-30
358,We Shop 4 U - Pirated Software - Personal Shopper - $15 Initial Purchase,0.02608468,World,,Simple-Simon,dehLhEhyKA,Data/Pirated,2014-07-30
359,"4TB USB3 EXT HDD: 2000+ Albums, 1600+ Films, 100+ Series",0.74776106,Internet,Worldwide,rage66666,dehLhEhyKA,Data/Pirated,2014-07-30
360,"500GB USB3 PORT HDD: 2000+ Albums, 200+ Films",0.25215198,Internet,Worldwide,rage66666,dehLhEhyKA,Data/Pirated,2014-07-30
361,"Insider's Forex Trading Signals (Make Thousands of $$$'s DAILY, from my 20 yr Daytrader)",1.73897921,,,cyberzen,dehLhEhyKA,Data/Pirated,2014-07-30
362,Account Creator Extreme 4.1.1 : direct download free for all,0.00000010,,,sereal,dehLhEhyKA,Data/Pirated,2014-07-30
363,Microsoft Office Professional Plus 2013 (PC),0.00869489,USA,,wakeside917,dehLhEhyKA,Data/Pirated,2014-07-30
364,"Free VPN For Windows, Mac & Linux",0.00869489,,,cyberzen,dehLhEhyKA,Data/Pirated,2014-07-30
365,Adobe Photoshop CC : direct download free for all,0.00000010,,,sereal,dehLhEhyKA,Data/Pirated,2014-07-30
366,Never Get Busted Again Vol 1 & 2 + Bonus!,0.01217285,,,fake,dehLhEhyKA,Data/Pirated,2014-07-30
367,Windows 8.1 + Office 2013 Pro Plus AIO (PC),0.00869489,USA,,wakeside917,dehLhEhyKA,Data/Pirated,2014-07-30
368,Belladonna Collection (33GB),0.01304234,USA,,wakeside917,dehLhEhyKA,Data/Pirated,2014-07-30
369,Rosetta Stone All Languages (MAC or PC),0.01229169,USA,,wakeside917,dehLhEhyKA,Data/Pirated,2014-07-30
370,Tori Black Collection (68GB),0.02347621,USA,,wakeside917,dehLhEhyKA,Data/Pirated,2014-07-30
371,Gangland 1-85 (60GB),0.02086775,USA,,wakeside917,dehLhEhyKA,Data/Pirated,2014-07-30
372,Modern Family Seasons 1-4 (AVI),0.01738979,USA,,wakeside917,dehLhEhyKA,Data/Pirated,2014-07-30
373,USBFlashCopy : Win : secretly fully copy USB drives upon plug in,0.01304234,,,sereal,dehLhEhyKA,Data/Pirated,2014-07-30
374,Any 4 Non Porn Movies (Avi),0.00869489,USA,,wakeside917,dehLhEhyKA,Data/Pirated,2014-07-30
375,Jenna Jameson Collection (64GB),0.01825928,USA,,wakeside917,dehLhEhyKA,Data/Pirated,2014-07-30
376,Dark Souls II (PC),0.00869489,USA,,wakeside917,dehLhEhyKA,Data/Pirated,2014-07-30
377,TOP 120 Onion and Underground Websites,0.01738979,,,cyberzen,dehLhEhyKA,Data/Pirated,2014-07-30
378,National Instruments Multisim 13(PC),0.00869489,USA,,wakeside917,dehLhEhyKA,Data/Pirated,2014-07-30
379,Autodesk Entertainment Creation Suite Ultimate 2014 (PC),0.00869489,USA,,wakeside917,dehLhEhyKA,Data/Pirated,2014-07-30
380,How I have made 100's of dollars over a week,0.01738979,,,cyberzen,dehLhEhyKA,Data/Pirated,2014-07-30
381,[ANDROID] Phone vip72 SOCKS + TOR Tutorial,0.00695591,,,cyberzen,dehLhEhyKA,Data/Pirated,2014-07-30
382,Person of Interest Seasons 1-3 (AVI),0.01304234,USA,,wakeside917,dehLhEhyKA,Data/Pirated,2014-07-30
383,Amy Ried Collection (104GB),0.03391009,,,wakeside917,dehLhEhyKA,Data/Pirated,2014-07-30
384,Lisa Ann Collection (82GB),0.02869315,USA,,wakeside917,dehLhEhyKA,Data/Pirated,2014-07-30
385,Watch Dogs (PC),0.00869489,USA,,wakeside917,dehLhEhyKA,Data/Pirated,2014-07-30
386,Apple Logic Pro X 10.0.6 (OSX),0.00869489,USA,,wakeside917,dehLhEhyKA,Data/Pirated,2014-07-30
387,Autocad 2014 (MAC or PC),0.00869489,USA,,wakeside917,dehLhEhyKA,Data/Pirated,2014-07-30
388,BioShock Infinite (PC),0.00869489,USA,,wakeside917,dehLhEhyKA,Data/Pirated,2014-07-30
389,Adobe CS6 MC (MAC OR PC),0.00869489,USA,,wakeside917,dehLhEhyKA,Data/Pirated,2014-07-30
390,FL Studio 10.0.9 (OSX),0.00869489,USA,,wakeside917,dehLhEhyKA,Data/Pirated,2014-07-30
391,Transistor (PC),0.00869489,USA,,wakeside917,dehLhEhyKA,Data/Pirated,2014-07-30
392,VPN > TOR > SOCK TUTORIAL,0.00695591,,,cyberzen,dehLhEhyKA,Data/Pirated,2014-07-30
393,FL Studio 11 (PC),0.00869489,USA,,wakeside917,dehLhEhyKA,Data/Pirated,2014-07-30
394,The Good Wife Seasons 1-5 (AVI),0.02173724,,,wakeside917,dehLhEhyKA,Data/Pirated,2014-07-30
395,The Simpsons Season 1 to 25 (AVI),0.03043213,USA,,wakeside917,dehLhEhyKA,Data/Pirated,2014-07-30
396,Sophie Dee Collection (55GB),0.01825928,USA,,wakeside917,dehLhEhyKA,Data/Pirated,2014-07-30
397,QFX KeyScrambler Premium,0.00750000,rland,,KryptykOG,dehLhEhyKA,Data/Pirated,2014-07-30
398,How I made $3800 from PPC & Exchanging,0.01738979,,,cyberzen,dehLhEhyKA,Data/Pirated,2014-07-30
399,The Vampire Diaries Seasons 1-4 (AVI),0.01738979,USA,,wakeside917,dehLhEhyKA,Data/Pirated,2014-07-30
400,The Sopranos Complete Series (AVI),0.01738979,USA,,wakeside917,dehLhEhyKA,Data/Pirated,2014-07-30
401,Sony Vegas Pro 12 (PC),0.00869489,USA,,wakeside917,dehLhEhyKA,Data/Pirated,2014-07-30
402,The Wire Complete Series (AVI),0.01738979,USA,,wakeside917,dehLhEhyKA,Data/Pirated,2014-07-30
403,24 Complete Series (AVI),0.03912703,USA,,wakeside917,dehLhEhyKA,Data/Pirated,2014-07-30
404,Dead Space 3 + All DLC (PC),0.00869489,USA,,wakeside917,dehLhEhyKA,Data/Pirated,2014-07-30
405,Sativa Rose Collection,0.01565081,USA,,wakeside917,dehLhEhyKA,Data/Pirated,2014-07-30
406,Dexter Compleat Series (AVI),0.03477958,USA,,wakeside917,dehLhEhyKA,Data/Pirated,2014-07-30
407,TOP VPN LIST that don't keep logs,0.00869489,,,cyberzen,dehLhEhyKA,Data/Pirated,2014-07-30
408,Rachel Roxxx Collection (27GB),0.01043387,USA,,wakeside917,dehLhEhyKA,Data/Pirated,2014-07-30
409,Firefox Setup For Extreme Privacy,0.00695591,,,cyberzen,dehLhEhyKA,Data/Pirated,2014-07-30
410,Cell Phone Tracking,0.00695591,,,cyberzen,dehLhEhyKA,Data/Pirated,2014-07-30
411,RealWifeStories SiteRip (38GB),0.01304234,USA,,wakeside917,dehLhEhyKA,Data/Pirated,2014-07-30
412,269 Amazing Sex Tips and Tricks for Him,0.00695591,,,cyberzen,dehLhEhyKA,Data/Pirated,2014-07-30
413,Alexis Texas Collection (117GB),0.03912703,USA,,wakeside917,dehLhEhyKA,Data/Pirated,2014-07-30
414,Jayden Jaymes Collection (46GB),0.01565081,USA,,wakeside917,dehLhEhyKA,Data/Pirated,2014-07-30
415,Bubble Guppies Season 1+2 (AVI),0.00869489,,,wakeside917,dehLhEhyKA,Data/Pirated,2014-07-30
416,[Paypal] How to keep your Paypal active and avoid risking closure,0.01391183,,,cyberzen,dehLhEhyKA,Data/Pirated,2014-07-30
417,National Instruments Labview 2013(PC),0.00869489,USA,,wakeside917,dehLhEhyKA,Data/Pirated,2014-07-30
418,Latina Abuse Collection (48GB),0.01565081,USA,,wakeside917,dehLhEhyKA,Data/Pirated,2014-07-30
419,Seinfeld Complete Series + Extras (AVI),0.02956264,USA,,wakeside917,dehLhEhyKA,Data/Pirated,2014-07-30
420,Assassin's Creed IV: Black Flag (PC),0.00869489,USA,,wakeside917,dehLhEhyKA,Data/Pirated,2014-07-30
421,50 Things You're Not Supposed To Know,0.00695591,,,cyberzen,dehLhEhyKA,Data/Pirated,2014-07-30
422,Revenge Seasons 1-2 (AVI),0.00869489,USA,,wakeside917,dehLhEhyKA,Data/Pirated,2014-07-30
423,FuckedandBound Collection (37GB),0.01304234,USA,,wakeside917,dehLhEhyKA,Data/Pirated,2014-07-30
424,How to Make Her Want Anal Sex + Anal Sex Guide,0.00695591,,,cyberzen,dehLhEhyKA,Data/Pirated,2014-07-30
425,Rachel Starr Collection (37GB),0.01304234,USA,,wakeside917,dehLhEhyKA,Data/Pirated,2014-07-30
426,Faye Reagan Collection (175GB),0.05999478,USA,,wakeside917,dehLhEhyKA,Data/Pirated,2014-07-30
427,Sons of Anarchy Seasons 1-6,0.02608468,USA,,wakeside917,dehLhEhyKA,Data/Pirated,2014-07-30
428,PAW Patrol Season 1 (AVI),0.00869489,USA,,wakeside917,dehLhEhyKA,Data/Pirated,2014-07-30
429,How to Hide Anything,0.00695591,,,cyberzen,dehLhEhyKA,Data/Pirated,2014-07-30
430,99MB Windows XP - MicroXP v0.82,0.00172158,Internet,Everywhere,captainkirk,dehLhEhyKA,Data/Pirated,2014-07-30
431,Monica Sweetheart Collection (42GB),0.01565081,,,wakeside917,dehLhEhyKA,Data/Pirated,2014-07-30
432,SpongeBob SquarePants Seasons 1-9 (AVI),0.01738979,USA,,wakeside917,dehLhEhyKA,Data/Pirated,2014-07-30
433,Criminal Minds Season 1 to Present (AVI),0.03912703,USA,,wakeside917,dehLhEhyKA,Data/Pirated,2014-07-30
434,Jessica Robbin Collection (62GB),0.02086775,USA,,wakeside917,dehLhEhyKA,Data/Pirated,2014-07-30
435,Disappear and Live Free Forever,0.00695591,,,cyberzen,dehLhEhyKA,Data/Pirated,2014-07-30
436,Bree Olson Collection (44GB),0.01565081,USA,,wakeside917,dehLhEhyKA,Data/Pirated,2014-07-30
437,Wolfenstein: The New Order (PC),0.02173724,USA,,wakeside917,dehLhEhyKA,Data/Pirated,2014-07-30
438,Kon-Boot V2.4 : silently bypass authentication process Windows,0.01391183,,,sereal,dehLhEhyKA,Data/Pirated,2014-07-30
439,Angelina Valentine Collection (43GB),0.01565081,USA,,wakeside917,dehLhEhyKA,Data/Pirated,2014-07-30
440,Child of Light (PC),0.00869489,USA,,wakeside917,dehLhEhyKA,Data/Pirated,2014-07-30
441,Julia Ann Collection (116GB),0.03912703,USA,,wakeside917,dehLhEhyKA,Data/Pirated,2014-07-30
442,Rebecca Linares Collection (100GB),0.03391009,USA,,wakeside917,dehLhEhyKA,Data/Pirated,2014-07-30
443,Jada Fire Collection (149GB),0.04956090,USA,,wakeside917,dehLhEhyKA,Data/Pirated,2014-07-30
444,"Any 1 PPV Event (WWE, TNA, UFC, Boxing, Ect.)",0.00434744,USA,,wakeside917,dehLhEhyKA,Data/Pirated,2014-07-30
445,Hardcoregangbang Collection (153GB),0.05216937,USA,,wakeside917,dehLhEhyKA,Data/Pirated,2014-07-30
446,Max Hardcore Collection (98GB),0.03391009,USA,,wakeside917,dehLhEhyKA,Data/Pirated,2014-07-30
447,The Elder Scrolls V: Skyrim + All Expantions (PC),1.73897921,USA,,wakeside917,dehLhEhyKA,Data/Pirated,2014-07-30
448,Eva Angelina Collection (100GB),0.03391009,USA,,wakeside917,dehLhEhyKA,Data/Pirated,2014-07-30
449,Lexi Belle Collection (88GB),0.02869315,USA,,wakeside917,dehLhEhyKA,Data/Pirated,2014-07-30
450,Autodesk Inventor 2014 (PC),0.00869489,USA,,wakeside917,dehLhEhyKA,Data/Pirated,2014-07-30
451,Shyla Stylez Collection (54GB),0.01825928,USA,,wakeside917,dehLhEhyKA,Data/Pirated,2014-07-30
452,Archer Season 1 to Present (AVI),0.00869489,USA,,wakeside917,dehLhEhyKA,Data/Pirated,2014-07-30
453,New Girl Season 1 to Present (AVI),0.00869489,USA,,wakeside917,dehLhEhyKA,Data/Pirated,2014-07-30
454,Sasha Grey Collection (100GB),0.03391009,USA,,wakeside917,dehLhEhyKA,Data/Pirated,2014-07-30
455,Windows XP Pro SP3 32-bit - Black Edition,0.00172158,Internet,Everywhere,captainkirk,dehLhEhyKA,Data/Pirated,2014-07-30
456,[SOCKS5 Finder] Proxy Scanner Proxy For Windows,0.00695591,,,cyberzen,dehLhEhyKA,Data/Pirated,2014-07-30
457,Adobe Creative Cloud Collection (2014),0.00869489,USA,,wakeside917,dehLhEhyKA,Data/Pirated,2014-07-30
458,"Any 5 PPV Events (WWE, TNA, UFC, Boxing, Ect.)",0.01738979,USA,,wakeside917,dehLhEhyKA,Data/Pirated,2014-07-30
459,FIFA 14 (PC),0.00869489,USA,,wakeside917,dehLhEhyKA,Data/Pirated,2014-07-30
460,How I make $35-$50 A Day With Neobux,0.01738979,,,cyberzen,dehLhEhyKA,Data/Pirated,2014-07-30
461,iLife 2013 (OSX),0.00869489,USA,,wakeside917,dehLhEhyKA,Data/Pirated,2014-07-30
462,Faye Reagan Collection (33GB),0.01304234,USA,,wakeside917,dehLhEhyKA,Data/Pirated,2014-07-30
463,Mass Effect 3 (PC),0.00869489,USA,,wakeside917,dehLhEhyKA,Data/Pirated,2014-07-30
464,Titanfall (PC),0.00869489,USA,,wakeside917,dehLhEhyKA,Data/Pirated,2014-07-30
465,Leverage Complete Series (AVI),0.01738979,USA,,wakeside917,dehLhEhyKA,Data/Pirated,2014-07-30
466,Game of Thrones Seasons 1-3 (AVI),0.00869489,USA,,wakeside917,dehLhEhyKA,Data/Pirated,2014-07-30
467,How I Make $25 in 10 Minutes A Day,0.01738979,,,cyberzen,dehLhEhyKA,Data/Pirated,2014-07-30
468,ACID Pro 7 (PC),0.00869489,USA,,wakeside917,dehLhEhyKA,Data/Pirated,2014-07-30
469,Sony Sound Forge Pro 11 (PC),0.00869489,USA,,wakeside917,dehLhEhyKA,Data/Pirated,2014-07-30
470,120GB SSD Filled with Audio Production Applications,0.52169376,UK,Worldwide,Quantum.Black.Widow,dehLhEhyKA,Data/Pirated,2014-07-30
471,Money Making ebook Collection,0.13911833,,,cyberzen,dehLhEhyKA,Data/Pirated,2014-07-30
472,Revolution Seasons 1-2 (AVI),0.00869489,USA,,wakeside917,dehLhEhyKA,Data/Pirated,2014-07-30
473,Elementary Seasons 1-2 (AVI),0.00869489,USA,,wakeside917,dehLhEhyKA,Data/Pirated,2014-07-30
474,Cubase 7 (PC),0.00869489,USA,,wakeside917,dehLhEhyKA,Data/Pirated,2014-07-30
475,[Android] Security And Anonimity,0.00695591,,,cyberzen,dehLhEhyKA,Data/Pirated,2014-07-30
476,Lela Star Collection (43GB),0.01565081,USA,,wakeside917,dehLhEhyKA,Data/Pirated,2014-07-30
477,Ashlynn Brooke Collection (41GB),0.01565081,USA,,wakeside917,dehLhEhyKA,Data/Pirated,2014-07-30
478,Tory Lane Collection (55GB),0.01825928,USA,,wakeside917,dehLhEhyKA,Data/Pirated,2014-07-30
479,Boardwalk Empire Seasons 1-4 (AVI),0.01738979,USA,,wakeside917,dehLhEhyKA,Data/Pirated,2014-07-30
480,Windows XP SP3 Lite Netbook Edition,0.00172158,Internet,Everywhere,captainkirk,dehLhEhyKA,Data/Pirated,2014-07-30
481,TOP VPN LIST that don't keep logs,0.00869489,,,cyberzen,dehLhEhyKA,Data/Pirated,2014-07-30
482,Saints Row IV + All DLC (PC),0.00869489,USA,,wakeside917,dehLhEhyKA,Data/Pirated,2014-07-30
483,Homeland Seasons 1-3 (AVI),0.00869489,USA,,wakeside917,dehLhEhyKA,Data/Pirated,2014-07-30
484,Batman: Arkham Origins (PC),0.00869489,USA,,wakeside917,dehLhEhyKA,Data/Pirated,2014-07-30
485,Asa Akira Collection (151GB),0.04956090,USA,,wakeside917,dehLhEhyKA,Data/Pirated,2014-07-30
486,Mad Men Seasons 1-6 (AVI),0.03043213,USA,,wakeside917,dehLhEhyKA,Data/Pirated,2014-07-30
487,Cum With Chicks on Webcam,0.00695591,,,cyberzen,dehLhEhyKA,Data/Pirated,2014-07-30
488,Chloe Nicole Collection (26GB),0.01043387,USA,,wakeside917,dehLhEhyKA,Data/Pirated,2014-07-30
489,Pinky Collection (16GB),0.00869489,USA,,wakeside917,dehLhEhyKA,Data/Pirated,2014-07-30
490,Breaking Bad Complete Series (AVI),0.01043387,USA,,wakeside917,dehLhEhyKA,Data/Pirated,2014-07-30
491,Avatar: The Last Airbender Complete Series (AVI),0.01304234,,,wakeside917,dehLhEhyKA,Data/Pirated,2014-07-30
492,Windows 7 AIO (Win 7 + Office 2010 32 or 63 bit),0.00869489,USA,,wakeside917,dehLhEhyKA,Data/Pirated,2014-07-30
493,The Mentalist Season 1 to Present (AVI),0.02608468,USA,,wakeside917,dehLhEhyKA,Data/Pirated,2014-07-30
494,Jenna Brooks Collection (9GB),0.00869489,USA,,wakeside917,dehLhEhyKA,Data/Pirated,2014-07-30
495,Jenna Haze Collection (72GB),0.02347621,USA,,wakeside917,dehLhEhyKA,Data/Pirated,2014-07-30
496,Microsoft Office 2007 Enterprise Blue Edition,0.00172158,Internet,Everywhere,captainkirk,dehLhEhyKA,Data/Pirated,2014-07-30
497,The Walking Dead Seasons 1-3 (AVI),0.00869489,USA,,wakeside917,dehLhEhyKA,Data/Pirated,2014-07-30
498,How I Met Your Mother Season 1 to Present (AVI),0.02173724,USA,,wakeside917,dehLhEhyKA,Data/Pirated,2014-07-30
499,TOP 120 Onion and Underground Websites,0.01738979,,,cyberzen,dehLhEhyKA,Data/Pirated,2014-07-30
500,Become an expert in making small talks,0.00695591,,,cyberzen,dehLhEhyKA,Data/Pirated,2014-07-30
501,500GB USB3 PORT HDD: 400+ Films,0.25215198,Internet,Worldwide,rage66666,dehLhEhyKA,Data/Pirated,2014-07-30
502,Avatar: The Legend of Korra Seasons 1+2 (AVI),0.00869489,USA,,wakeside917,dehLhEhyKA,Data/Pirated,2014-07-30
503,Portable USB APPS MEGAPACK *Huge*,0.00750000,rland,,KryptykOG,dehLhEhyKA,Data/Pirated,2014-07-30
504,BYPASS ANY SMS PHONE VERIFICATION EASY WITHOUT SIM CARD,0.00695591,,,cyberzen,dehLhEhyKA,Data/Pirated,2014-07-30
505,Autodesk Product Design Suite Ultimate 2014(PC),0.01738979,USA,,wakeside917,dehLhEhyKA,Data/Pirated,2014-07-30
506,Lost - Complete Series and Extras (AVI),0.03043213,USA,,wakeside917,dehLhEhyKA,Data/Pirated,2014-07-30
507,Grey's Anatomy Seasons 1-10 (AVI),0.03912703,USA,,wakeside917,dehLhEhyKA,Data/Pirated,2014-07-30
508,Ghetto Gaggers Collection (107GB),0.03651856,USA,,wakeside917,dehLhEhyKA,Data/Pirated,2014-07-30
509,Daisy Marie Collection (27GB),0.01043387,USA,,wakeside917,dehLhEhyKA,Data/Pirated,2014-07-30
510,American Billboard Top 100 1951 - 2013 (MP3),0.01738979,USA,,wakeside917,dehLhEhyKA,Data/Pirated,2014-07-30
511,How To Give A Woman A 'Rush' Just By Looking At Her,0.00695591,,,cyberzen,dehLhEhyKA,Data/Pirated,2014-07-30
512,All Agora's and Silk Road's  Money Making Methods & Guides,0.13911833,,,cyberzen,dehLhEhyKA,Data/Pirated,2014-07-30
513,sexandsubmission.com SiteRip (123GB),0.04347448,USA,,wakeside917,dehLhEhyKA,Data/Pirated,2014-07-30
514,South Park: The Stick of Truth (PC),0.00869489,USA,,wakeside917,dehLhEhyKA,Data/Pirated,2014-07-30
515,Ableton Live 9 Suite 9.0.6 (MAC or PC),0.00869489,USA,,wakeside917,dehLhEhyKA,Data/Pirated,2014-07-30
516,Everythingbutt SiteRip (112GB),0.03912703,USA,,wakeside917,dehLhEhyKA,Data/Pirated,2014-07-30
517,CAMBRIDGE RESEARCH - TEST-CYP 200 - 10ML VIAL X 1 - $65 - Testosterone Cypionate 200mg/ml,0.11265945,UK,WORLDWIDE,InsideTheWhale,LWREMrNk1U,Drugs/Steroids,2014-07-30
518,100 tabs. Dianabol 10mg (Danabol DS Brand),0.05199667,UK,,MedIndia,LWREMrNk1U,Drugs/Steroids,2014-07-30
519,50 tabs. 20mg Winstrol,0.07279534,UK,,MedIndia,LWREMrNk1U,Drugs/Steroids,2014-07-30
520,60 ML Winstrol Oil Base IM (100 mg/ml),0.12132556,USA,USA,gearheadsr,LWREMrNk1U,Drugs/Steroids,2014-07-30
521,Testosterone Enathate 250 with labtest. 1 x 10 ml vial.,0.08146145,Denmark,,diamonddweller,LWREMrNk1U,Drugs/Steroids,2014-07-30
522,Trenbolone A 75mg/ml 10ml Vial Australia,0.15599001,Australia,,Ace_Of_Spades,LWREMrNk1U,Drugs/Steroids,2014-07-30
523,Cut-Stack 150mg with labtest. 1 x 10 ml vial.,0.13172490,Denmark,,diamonddweller,LWREMrNk1U,Drugs/Steroids,2014-07-30
524,{FLAX} testosterone propionate 10ml x 100mg,0.06239600,Thailand,globalexceptAfrica,flaxceed,LWREMrNk1U,Drugs/Steroids,2014-07-30
525,clenbuterol/t3 stack,0.18718801,Thailand,GlobalexceptAfrica,flaxceed,LWREMrNk1U,Drugs/Steroids,2014-07-30
526,Nolvadex Tamoxifen Citrate 50mg - BioTech - 50 ct,0.12999168,USA,USA,valleybb,LWREMrNk1U,Drugs/Steroids,2014-07-30
527,"Testosterone compound (Genesis), 10ml, 250mg/ml",0.12305879,EU,,theben,LWREMrNk1U,Drugs/Steroids,2014-07-30
528,Letromina (Letrozole) 2.5mg x 30 tablets - Alpha Pharma,0.10399334,Denmark,,diamonddweller,LWREMrNk1U,Drugs/Steroids,2014-07-30
529,EURO PHARMA - WINSTROL 10ml vial x 1 - $67 - Stanozolol 50mg/ml,0.11612590,UK,WORLDWIDE,InsideTheWhale,LWREMrNk1U,Drugs/Steroids,2014-07-30
530,Custom 30g  for Jben...,0.29464780,Europe,Worldwide,Steroid-Depot,LWREMrNk1U,Drugs/Steroids,2014-07-30
531,CAMBRIDGE RESEARCH - RIP 200 10ML VIAL X 1 - $65,0.11265945,UK,,InsideTheWhale,LWREMrNk1U,Drugs/Steroids,2014-07-30
532,Oxymetholone (Anadrol) 10 g - $70 high purity powder,0.12132556,Europe,Worldwide,Steroid-Depot,LWREMrNk1U,Drugs/Steroids,2014-07-30
533,"Methandienone (Genesis), 10ml, 100mg/ml",0.12999168,EU,,theben,LWREMrNk1U,Drugs/Steroids,2014-07-30
534,100 tabs - OXYTHOL 50 mg - Oxymetholone - original EUROCHEM,0.20798668,USA,USA,Steroid-Depot,LWREMrNk1U,Drugs/Steroids,2014-07-30
535,MEGASTACK-600 10ml - Classic Stack Blend 600mg/ml - original EUROCHEM -,0.19065446,USA,USA,Steroid-Depot,LWREMrNk1U,Drugs/Steroids,2014-07-30
536,Deca Durabolin 300mg/ml 10ml vial Australia,0.17332224,Australia,,Ace_Of_Spades,LWREMrNk1U,Drugs/Steroids,2014-07-30
537,*30 ML Tren Ace (100mg/ml),0.17332224,USA,USA,gearheadsr,LWREMrNk1U,Drugs/Steroids,2014-07-30
538,100 tabs of  ANAVAR (OXANOL 10 mg)  - Oxandrolone - original EUROCHEM,0.31198003,USA,USA,Steroid-Depot,LWREMrNk1U,Drugs/Steroids,2014-07-30
539,clenbuterol (size zero pill) 200 x 20mcg,0.13519134,Thailand,GlobalexceptAfrica,flaxceed,LWREMrNk1U,Drugs/Steroids,2014-07-30
540,250mg/1ml. TEST ETHANTHANATE.,0.10399334,UK,,MRUKSBEST,LWREMrNk1U,Drugs/Steroids,2014-07-30
541,Equipoise - Boldenone Undecylenate - Genotec - 300mg/ml  - 10ml,0.12999168,USA,,valleybb,LWREMrNk1U,Drugs/Steroids,2014-07-30
542,Cut stack tri blend!! Tren ace/Test and Mast Prop 100mg/ml each!,0.14732390,USA,usa,advancedgrowthlabs,LWREMrNk1U,Drugs/Steroids,2014-07-30
543,Testosterone Propionate 10g - High Purity Raw powder,0.05199667,Europe,Worldwide,Steroid-Depot,LWREMrNk1U,Drugs/Steroids,2014-07-30
544,*NEW 30 ML Oral Oxandrolone [Anavar] (25mg/ml),0.12999168,USA,USA,gearheadsr,LWREMrNk1U,Drugs/Steroids,2014-07-30
545,Testosterone Cypionate 250 mg/ml Test C,0.06066278,USA,US,advancedgrowthlabs,LWREMrNk1U,Drugs/Steroids,2014-07-30
546,10 3ml Exel Syringe,0.02079866,USA,US,advancedgrowthlabs,LWREMrNk1U,Drugs/Steroids,2014-07-30
547,1000 x 2.5 mg xanax pfizer replicas,1.73322240,USA,USA,Xanaxman,Pz5LeFySK1,Drugs/Benzos,2014-07-30
548,25 tablets. 20mg Diazepam (C20's),0.07279534,UK,,MedIndia,Pz5LeFySK1,Drugs/Benzos,2014-07-30
549,5gr.Phenazepam FREE SHIP WITH TRACK,0.60662784,China,,FREE,Pz5LeFySK1,Drugs/Benzos,2014-07-30
550,Clonazepam x10 2mg (Rivotril / Klonopin)  Roche Branded,0.08666112,Canada,Canada,Straightbiz,Pz5LeFySK1,Drugs/Benzos,2014-07-30
551,"2000 tab AMBIEN (Zolpidem, Stilnox) 10 mg = 2500 $$",4.33305601,EU,,kobrivoje,Pz5LeFySK1,Drugs/Benzos,2014-07-30
552,1000 tab XANAX 1 mg (blue Ksalol) = 660 $$,1.14392678,EU,Worldwide,kobrivoje,Pz5LeFySK1,Drugs/Benzos,2014-07-30
553,50x 10mg Apaurin (Diazepam),0.17332224,Germany,EU,MethylonDE,Pz5LeFySK1,Drugs/Benzos,2014-07-30
554,5 tablets. 20mg Diazepam (C20's),0.01473239,UK,,MedIndia,Pz5LeFySK1,Drugs/Benzos,2014-07-30
555,15 x 5mg MSJ Valium,0.01646561,UK,,TheEntity,Pz5LeFySK1,Drugs/Benzos,2014-07-30
556,Klonopin [Clonazepam] 80 Pills (2MG Each),0.46351566,USA,USA,Discover,Pz5LeFySK1,Drugs/Benzos,2014-07-30
557,100 tab Clonazepam 2 mg (Rivotril) = 160  $$,0.27731558,USA,,kobrivoje,Pz5LeFySK1,Drugs/Benzos,2014-07-30
558,diazepam generic 10mg vallium 500 tabs only $425,0.73661952,worldwide,,ukmeds,Pz5LeFySK1,Drugs/Benzos,2014-07-30
559,Strip (14 pills) of MA pharma 10mg diazepam (UK generic),0.04333056,UK,,ElDorado,Pz5LeFySK1,Drugs/Benzos,2014-07-30
560,10 X 10 MG VALIUM £10.00 -DIAZEPAM-BRANDED,0.03119800,UK,uk,ukmeds,Pz5LeFySK1,Drugs/Benzos,2014-07-30
561,20 x 10mg MSJ Blue Diazepam Valium (Sri-Lanka originals) NO FE now.,0.05843000,UK,UK,UKPharma,Pz5LeFySK1,Drugs/Benzos,2014-07-30
562,1000 tab Bromazepam 6 mg (Lexotan) = 690 $$,1.19592346,EU,,kobrivoje,Pz5LeFySK1,Drugs/Benzos,2014-07-30
563,40 x 0.5mg Frontin,0.05546311,EU,worldwide,maligan,Pz5LeFySK1,Drugs/Benzos,2014-07-30
564,Klonopin [Clonazepam] 100 Pills (2MG Each),0.53111134,USA,USA,Discover,Pz5LeFySK1,Drugs/Benzos,2014-07-30
565,"Lorazepam 2,5mg (Ativan) - 50 pills",0.22531891,Sweden,EuropeanUnion,apoteket,Pz5LeFySK1,Drugs/Benzos,2014-07-30
566,DIAZEPAM 20X 10MG genuine blues only £20,0.05892956,UK,uk,ukmeds,Pz5LeFySK1,Drugs/Benzos,2014-07-30
567,100 x 5MG MSJ VALIUM (Diazepam),0.10404534,UK,,TheEntity,Pz5LeFySK1,Drugs/Benzos,2014-07-30
568,500x 2.5 mg xanax pfizer replicas,1.05726566,USA,USA,Xanaxman,Pz5LeFySK1,Drugs/Benzos,2014-07-30
569,25x 1mg Xanax (Alprazolam),0.11439267,Germany,EU,MethylonDE,Pz5LeFySK1,Drugs/Benzos,2014-07-30
570,10gr.Nitrazolam FREE SHIP WITH TRACK,0.95327232,China,,FREE,Pz5LeFySK1,Drugs/Benzos,2014-07-30
571,Xanax [Alprazolam] 100x (1MG) Pills,0.35959165,USA,USA,Discover,Pz5LeFySK1,Drugs/Benzos,2014-07-30
572,Clonazepam x100  2mg (Rivotril / Klonopin) Roche Branded,0.51996672,Canada,Canada,Straightbiz,Pz5LeFySK1,Drugs/Benzos,2014-07-30
573,25 tablets. Zopiclone. 7.5mg,0.04679700,UK,,MedIndia,Pz5LeFySK1,Drugs/Benzos,2014-07-30
574,1000 tab Xanax SR 2 mg (brand Upjohn) = 1390 $$,2.40917914,EU,,kobrivoje,Pz5LeFySK1,Drugs/Benzos,2014-07-30
575,2000 tab Xanax SR 2 mg (brand Upjohn) = 2490 $$,4.31572379,EU,,kobrivoje,Pz5LeFySK1,Drugs/Benzos,2014-07-30
576,valium - diazepam 20 x 10mg,0.05719633,UK,uk,ukmeds,Pz5LeFySK1,Drugs/Benzos,2014-07-30
577,"7-inch GlassOnGlass WaterPipe w/ Dome Perc., IceCatcher.  *FREE USPS SHIPPING*",0.11242972,USA,WORLDWIDE,ImportDirect,cR3ZzitE9P,Drug paraphernalia/Pipes,2014-07-30
578,AGO Red Dry Herb Vaporizer,0.06054839,USA,Worldwide,ES-Light,cR3ZzitE9P,Drug paraphernalia/Pipes,2014-07-30
579,Glass Smoking Pipe - THE VORTEX,0.06919816,USA,,MagicHat,cR3ZzitE9P,Drug paraphernalia/Pipes,2014-07-30
580,Silver Liquid Oil Vaporizer Double Kit FREE E LIQUID,0.06054839,USA,Worldwide,ES-Light,cR3ZzitE9P,Drug paraphernalia/Pipes,2014-07-30
581,10.5-inch WaterPipe w/ GlassOnGlass + IceCatcher **FREE USPS SHIP**,0.12107949,USA,WORLDWIDE,ImportDirect,cR3ZzitE9P,Drug paraphernalia/Pipes,2014-07-30
582,GLASS METH PIPES,0.02767926,Australia,,stiffstyles,cR3ZzitE9P,Drug paraphernalia/Pipes,2014-07-30
583,Bunk Buster2  50+ Multi Drug Test Kit,0.03804169,USA,,MrSunshine,cR3ZzitE9P,Drug paraphernalia/Pipes,2014-07-30
584,Pyrex Pipe - THE ALIEN,0.07784793,USA,Worldwide,MagicHat,cR3ZzitE9P,Drug paraphernalia/Pipes,2014-07-30
585,Snoop Dogg Dog G Pen Dry Herb Pen Newest Version Herbal Vaporizer,0.06918086,USA,Worldwide,ES-Light,cR3ZzitE9P,Drug paraphernalia/Pipes,2014-07-30
586,Red Liquid Oil Vaporizer Single Kit FREE E LIQUID,0.04324885,USA,Worldwide,ES-Light,cR3ZzitE9P,Drug paraphernalia/Pipes,2014-07-30
587,"Handblown GLASS PIPES, spoon style. with .2-.3 gram of bud .",0.02058645,USA,USA,joeybagadonuts,cR3ZzitE9P,Drug paraphernalia/Pipes,2014-07-30
588,Green Liquid Oil Vaporizer Single Kit FREE E LIQUID,0.04324885,USA,Worldwide,ES-Light,cR3ZzitE9P,Drug paraphernalia/Pipes,2014-07-30
589,AGO Black Dry Herb Vaporizer,0.06054839,USA,Worldwide,ES-Light,cR3ZzitE9P,Drug paraphernalia/Pipes,2014-07-30
590,Liquid Oil Vaporizer Starter Kit SALE FOR LIMITED TIME ONLY,0.02594931,USA,Worldwide,ES-Light,cR3ZzitE9P,Drug paraphernalia/Pipes,2014-07-30
591,ImportDirect presents Glass MOOSE HandPipe- FREE US DOMESTIC SHIP- $52.99,0.09167027,USA,,ImportDirect,cR3ZzitE9P,Drug paraphernalia/Pipes,2014-07-30
592,Green Liquid Oil Vaporizer Double Kit FREE E LIQUID,0.06054839,USA,Worldwide,ES-Light,cR3ZzitE9P,Drug paraphernalia/Pipes,2014-07-30
593,Blue Liquid Oil Vaporizer Single Kit FREE E LIQUID,0.04324885,USA,Worldwide,ES-Light,cR3ZzitE9P,Drug paraphernalia/Pipes,2014-07-30
594,3-in-1 Vaporizer Kit - Dry Herb/Liquid/Wax,0.06054839,USA,Worldwide,MagicHat,cR3ZzitE9P,Drug paraphernalia/Pipes,2014-07-30
595,AGO Blue Dry Herb Vaporizer,0.06054839,USA,Worldwide,ES-Light,cR3ZzitE9P,Drug paraphernalia/Pipes,2014-07-30
596,Silver Liquid Oil Vaporizer Single Kit FREE E LIQUID,0.04324885,USA,Worldwide,ES-Light,cR3ZzitE9P,Drug paraphernalia/Pipes,2014-07-30
597,AGO White Dry Herb Vaporizer,0.06054839,USA,Worldwide,ES-Light,cR3ZzitE9P,Drug paraphernalia/Pipes,2014-07-30
598,Blue Liquid Oil Vaporizer Double Kit FREE E LIQUID,0.06054839,USA,Worldwide,ES-Light,cR3ZzitE9P,Drug paraphernalia/Pipes,2014-07-30
599,Red Liquid Oil Vaporizer Double Kit FREE E LIQUID,0.06054839,USA,Worldwide,ES-Light,cR3ZzitE9P,Drug paraphernalia/Pipes,2014-07-30
600,Portable Liquid Oil Vaporizer Pipe,0.06919816,USA,Worldwide,ES-Light,cR3ZzitE9P,Drug paraphernalia/Pipes,2014-07-30
601,Black Liquid Oil Vaporizer Double Kit FREE E LIQUID,0.06054839,USA,Worldwide,ES-Light,cR3ZzitE9P,Drug paraphernalia/Pipes,2014-07-30
602,Black Liquid Oil Vaporizer Single Kit FREE E LIQUID,0.04324885,USA,Worldwide,ES-Light,cR3ZzitE9P,Drug paraphernalia/Pipes,2014-07-30
603,Luxury Vaporizer Double Gift Set FREE E LIQUID,0.05189862,USA,Worldwide,ES-Light,cR3ZzitE9P,Drug paraphernalia/Pipes,2014-07-30
604,Sweet Puff Pyrex Ice Pipe [16cm],0.03451258,USA,Worldwide,MagicHat,cR3ZzitE9P,Drug paraphernalia/Pipes,2014-07-30
605,ImportDirect presents Modern-day Opium Pipe (Glass-on-Glass Oil Burner) FREE US SHIPPING!,0.06918086,USA,WORLDWIDE,ImportDirect,cR3ZzitE9P,Drug paraphernalia/Pipes,2014-07-30
606,1 Heavy Duty Meth Pipe Made in the USA !!!,0.02248940,USA,USA,vicious86,cR3ZzitE9P,Drug paraphernalia/Pipes,2014-07-30
607,9mm Luger FMJ - 25pcs,0.12999168,Sweden,EU,xdoc,rr760maKeC,Weapons/Ammunition,2014-07-30
608,12G Rifled Slugs - 15pcs,0.18025513,Sweden,EU,xdoc,rr760maKeC,Weapons/Ammunition,2014-07-30
609,.22LR HP - 100pcs,0.18198835,Sweden,EU,xdoc,rr760maKeC,Weapons/Ammunition,2014-07-30
610,.40 S&W FMC-FLAT - 25pcs,0.23398502,Sweden,EU,xdoc,rr760maKeC,Weapons/Ammunition,2014-07-30
611,.22LR RN - 100pcs,0.16465612,Sweden,EU,xdoc,rr760maKeC,Weapons/Ammunition,2014-07-30
612,.22LR RN - 100pcs,0.30331392,Sweden,EU,xdoc,rr760maKeC,Weapons/Ammunition,2014-07-30
613,9mm Luger JHP +P+ - 50pcs,0.29464780,Sweden,EU,xdoc,rr760maKeC,Weapons/Ammunition,2014-07-30
614,9mm Luger JHP +P+ - 25pcs,0.16465612,Sweden,EU,xdoc,rr760maKeC,Weapons/Ammunition,2014-07-30
615,.22LR HP - 200pcs,0.33797836,Sweden,EU,xdoc,rr760maKeC,Weapons/Ammunition,2014-07-30
616,9mm Winchester SXZ JHP ammunition - 25 rounds,0.12999168,USA,,32dxbv!vrwndid,rr760maKeC,Weapons/Ammunition,2014-07-30
617,"FREE SAMPLE - 9mm FMJ, American Eagle ammunition",0.00043330,USA,USA,32dxbv!vrwndid,rr760maKeC,Weapons/Ammunition,2014-07-30
618,Shipping containers of ammunition (1.2 million rounds),452.00000000,Poland,,echo,rr760maKeC,Weapons/Ammunition,2014-07-30
619,9mm Hornady Critical Defense Ammunition - 25 rounds,0.17332224,USA,,32dxbv!vrwndid,rr760maKeC,Weapons/Ammunition,2014-07-30
620,Luger 9mm 12pcs- vacuum sealed,0.06066278,Sweden,,sweshroom,rr760maKeC,Weapons/Ammunition,2014-07-30
621,"9mm High Quality Brass Reloads 124 gr, (50 Rounds)",0.09099417,USA,,DrWhite,rr760maKeC,Weapons/Ammunition,2014-07-30
622,22LR 60 SP Subsonic,0.18260000,France,,matthias75015,rr760maKeC,Weapons/Ammunition,2014-07-30
623,alex hotel booking,1.75748752,,,livinglarge,rr760maKeC,Weapons/Ammunition,2014-07-30
624,Tulammo Brand 7.62 X 39 (100 Rounds),0.16898918,USA,,DrWhite,rr760maKeC,Weapons/Ammunition,2014-07-30
625,Tulammo Brand 7.62 X 39 (60 Rounds),0.10754645,USA,,DrWhite,rr760maKeC,Weapons/Ammunition,2014-07-30
626,Tulammo Brand 7.62 X 39 (20 Rounds),0.04419717,USA,,DrWhite,rr760maKeC,Weapons/Ammunition,2014-07-30
627,Klickas Urinprov KIT - Pissa 100% rent GARANTI + FRI FRAKT,0.10379724,Sweden,,klicka,uh7MJZ18se,Drug paraphernalia/Containers,2014-07-30
628,10 Easy touch 29 or 30 Gauge Syringes Works Gear !! Free Shipping,0.01902949,USA,USA,vicious86,uh7MJZ18se,Drug paraphernalia/Containers,2014-07-30
629,"Syringes- 30g/1/2""/1cc - SEALED bag of 10-Trusted Vender/Fast Shipping",0.02508433,USA,USA,PillfirePharmacy,uh7MJZ18se,Drug paraphernalia/Containers,2014-07-30
630,Pine Wood Stash Box,0.06054839,USA,USA,GoombaShop,uh7MJZ18se,Drug paraphernalia/Containers,2014-07-30
631,mortar and pestle,0.04324885,USA,USA,GoombaShop,uh7MJZ18se,Drug paraphernalia/Containers,2014-07-30
632,Hidden Stash Light,0.06054839,USA,USA,GoombaShop,uh7MJZ18se,Drug paraphernalia/Containers,2014-07-30
633,Electric grinder,0.02555142,Sweden,,sweshroom,uh7MJZ18se,Drug paraphernalia/Containers,2014-07-30
634,"Syringes- 29g/1/2""/1cc - SEALED bag of 10-Trusted Vender/Fast Shipping",0.02508433,USA,USA,PillfirePharmacy,uh7MJZ18se,Drug paraphernalia/Containers,2014-07-30
635,Magnetic Car Safe Stash - L - NEW PRICES,0.18856500,USA,Worldwide,optiman,uh7MJZ18se,Drug paraphernalia/Containers,2014-07-30
636,Sharpie pen stash can - M - Buy 2 get 1 FREE,0.02075944,USA,Worldwide,optiman,uh7MJZ18se,Drug paraphernalia/Containers,2014-07-30
637,Aluminium 4 Parts Grinder - SILVER - 24 Teeth,0.03286912,USA,Worldwide,optiman,uh7MJZ18se,Drug paraphernalia/Containers,2014-07-30
638,WD-40 Stash Can,0.05535853,USA,Worldwide,optiman,uh7MJZ18se,Drug paraphernalia/Containers,2014-07-30
639,Magnetic Car Safe Stash - M - NEW PRICES,0.17126546,USA,Worldwide,optiman,uh7MJZ18se,Drug paraphernalia/Containers,2014-07-30
640,Mendocino County MMP tag,0.03459908,USA,USA,GoombaShop,uh7MJZ18se,Drug paraphernalia/Containers,2014-07-30
641,Magnetic Car Safe Stash - S - NEW PRICES,0.15396591,USA,Worldwide,optiman,uh7MJZ18se,Drug paraphernalia/Containers,2014-07-30
642,Empty capsules 100pcs size 4 Great to pack powdered drugs;),0.01347634,Sweden,,sweshroom,uh7MJZ18se,Drug paraphernalia/Containers,2014-07-30
643,100pcs empty capsules size 00 Great to pack powdered drugs;),0.01347634,Sweden,,sweshroom,uh7MJZ18se,Drug paraphernalia/Containers,2014-07-30
644,Bic lighter stash - buy 3 get one for FREE,0.03286912,USA,Worldwide,optiman,uh7MJZ18se,Drug paraphernalia/Containers,2014-07-30
645,TIRE INFLATOR WITH HOSE STASH CAN - Best stash for car,0.05535853,USA,Worldwide,optiman,uh7MJZ18se,Drug paraphernalia/Containers,2014-07-30
646,0.001g 20g Digital Scale - DANGER not accurate scale can harm you,0.08649770,USA,Worldwide,optiman,uh7MJZ18se,Drug paraphernalia/Containers,2014-07-30
647,Snuff Bullet Rocket - LAST CHANCE TO BUY,0.03459908,USA,Worldwide,optiman,uh7MJZ18se,Drug paraphernalia/Containers,2014-07-30
648,Hide Your Stash In Sharpie Pen - XL - Buy 2 get 1 FREE,0.03805899,USA,Worldwide,optiman,uh7MJZ18se,Drug paraphernalia/Containers,2014-07-30
