,name,price(BTC),from,to,vendor,cat_hash,cat,date
0,Counterfeit $20 Bills ($5 per bill),0.05220432,,USA,Black_Label,jVzNrGRBi0,Counterfeits/Money,2014-10-16
1,"Counterfeit $20 USA currency. $100 worth. 5 pre cut bills, Free shipping.",0.07569627,,USA,Doritos,jVzNrGRBi0,Counterfeits/Money,2014-10-16
2,50 EURO counterfeit notes - 10 pcs,0.24797055,,EU,charliebrown1,jVzNrGRBi0,Counterfeits/Money,2014-10-16
3,Counterfeit $20 USA currency. $5040 worth. 252 UNCUT bills.,2.60760617,,USA,Doritos,jVzNrGRBi0,Counterfeits/Money,2014-10-16
4,(100) $20 American Express Travelers Checks ($2k total),0.52201717,,USA,ToddtheGuy,jVzNrGRBi0,Counterfeits/Money,2014-10-16
5,Counterfeit $20 USA currency. $2000 worth. 100 precut bills Free shipping.,1.37036360,,USA,Doritos,jVzNrGRBi0,Counterfeits/Money,2014-10-16
6,Counterfeit $20 USA currency. $4000 worth. 200 precut bills Free shipping.,2.60760617,,USA,Doritos,jVzNrGRBi0,Counterfeits/Money,2014-10-16
7,Counterfeit $20 USA currency. $2400 worth. 120 UNCUT bills.,1.37036360,,USA,Doritos,jVzNrGRBi0,Counterfeits/Money,2014-10-16
8,PAMP Suisse Counterfeit Gold (2.5 grams),0.07828038,,USA,ToddtheGuy,jVzNrGRBi0,Counterfeits/Money,2014-10-16
9,"Counterfeit $20 USA currency. $500 worth. 25 pre cut bills, Free shipping.",0.36282007,,USA,Doritos,jVzNrGRBi0,Counterfeits/Money,2014-10-16
10,100 Counterfeit $20,1.30249797,,USA,fakeasanything,jVzNrGRBi0,Counterfeits/Money,2014-10-16
11,"Counterfeit $20 USA currency. $80 worth. 4 UNCUT bills, Free shipping.",0.04956800,,USA,Doritos,jVzNrGRBi0,Counterfeits/Money,2014-10-16
12,Counterfeit $20 USA currency. $800 worth. 40 UNCUT bills.,0.49594111,,USA,Doritos,jVzNrGRBi0,Counterfeits/Money,2014-10-16
13,50 EURO COUNTERFEIT NOTES - 20 pcs,0.52204327,,EU,charliebrown1,jVzNrGRBi0,Counterfeits/Money,2014-10-16
14,Editable Assayers Certificate,0.13051081,,rland,ToddtheGuy,jVzNrGRBi0,Counterfeits/Money,2014-10-16
15,10X American Express $20 Traveler Checks,0.05217822,,USA,ToddtheGuy,jVzNrGRBi0,Counterfeits/Money,2014-10-16
16,50€uro CouterFeits 15 Note,1.09629088,,EU,AmicoFriz,jVzNrGRBi0,Counterfeits/Money,2014-10-16
17,Custom HQ Passport Scan,0.22969904,,Internet,starlight,jVzNrGRBi0,Counterfeits/Money,2014-10-16
18,Sample Pack (2x $20),0.03902273,,USA,fakeasanything,jVzNrGRBi0,Counterfeits/Money,2014-10-16
19,Counterfeit $20 USA currency. Sample 1 note. Free shipping.,0.01696640,,USA,Doritos,jVzNrGRBi0,Counterfeits/Money,2014-10-16
20,5X American Express $20 Traveler Checks,0.05217822,,USA,ToddtheGuy,jVzNrGRBi0,Counterfeits/Money,2014-10-16
21,5 Counterfeit $20,0.07569627,,USA,fakeasanything,jVzNrGRBi0,Counterfeits/Money,2014-10-16
22,1893-S Morgan Dollar AU50 (Counterfeit),1.98363394,,USA,ToddtheGuy,jVzNrGRBi0,Counterfeits/Money,2014-10-16
23,American Express Expert Traveler Kit,0.65252799,,USA,ToddtheGuy,jVzNrGRBi0,Counterfeits/Money,2014-10-16
24,1 Troy Ounce Counterfeit Gold,0.26089112,,USA,ToddtheGuy,jVzNrGRBi0,Counterfeits/Money,2014-10-16
25,50 Counterfeit $20,0.71780950,,USA,fakeasanything,jVzNrGRBi0,Counterfeits/Money,2014-10-16
26,5x American Express $100 Traveler Check,0.07817598,,USA,ToddtheGuy,jVzNrGRBi0,Counterfeits/Money,2014-10-16
27,50€uro CouterFeitsStock of 25 Notes,1.72274281,,EU,AmicoFriz,jVzNrGRBi0,Counterfeits/Money,2014-10-16
28,"Counterfeit $20 USA currency. $200 worth. 10 pre cut bills, Free shipping.",0.15008744,,USA,Doritos,jVzNrGRBi0,Counterfeits/Money,2014-10-16
29,VISA $100 Traveler Checks,0.06522930,,USA,ToddtheGuy,jVzNrGRBi0,Counterfeits/Money,2014-10-16
30,Samsung Galaxy Note 3 - Quad Core,1.03103547,,HongKong,Mike,vvKMDUoa1L,Counterfeits/Electronics,2014-10-16
31,Telefonul anti interceptare,1.04147633,,,fake,vvKMDUoa1L,Counterfeits/Electronics,2014-10-16
32,MSR206 magnetic card reader,0.51943306,,China,fake,vvKMDUoa1L,Counterfeits/Electronics,2014-10-16
33,SAMSUNG GALAXY 16 gb+ ANONYMOUS SIM CARD + TUTORIALS,0.26102163,,EU,fake,vvKMDUoa1L,Counterfeits/Electronics,2014-10-16
34,USB Portable Magnetic Stripe Card,0.78045469,,China,fake,vvKMDUoa1L,Counterfeits/Electronics,2014-10-16
35,Samsung Galaxy S5 - Quad Core (New!!),0.71780950,,HongKong,Mike,vvKMDUoa1L,Counterfeits/Electronics,2014-10-16
36,ANTI TAPPING FOR LANDLINES,0.10440865,,EU,fake,vvKMDUoa1L,Counterfeits/Electronics,2014-10-16
37,Ford Rolling Code Grabber Opener,3.00174884,,World,autosafe,vvKMDUoa1L,Counterfeits/Electronics,2014-10-16
38,Urbeats By Dr. Dre Tour Earphones Earbuds For Iphone Ipad etc.(Super Replica),0.15400276,,China,Bigdeal100,vvKMDUoa1L,Counterfeits/Electronics,2014-10-16
39,HOW TO OPEN AN ANONYMOUS POLISH BANK ACCOUNT,0.05220432,,rland,smart666tiger,vvKMDUoa1L,Counterfeits/Electronics,2014-10-16
40,GSM GPS WIFI JAMMER,0.52204327,,China,fake,vvKMDUoa1L,Counterfeits/Electronics,2014-10-16
41,EMP PULSE GENERATOR,0.65255409,,China,fake,vvKMDUoa1L,Counterfeits/Electronics,2014-10-16
42,Design,0.21664796,,Netherlands,HigherGroundsNL,vvKMDUoa1L,Counterfeits/Electronics,2014-10-16
43,ANONYMOUS CELL PHONE VOICE CHANGER,0.13051081,,EU,VendingSolutions,vvKMDUoa1L,Counterfeits/Electronics,2014-10-16
44,STEALTH PHONE ANTI INTERCEPTION,0.86137140,,EU,fake,vvKMDUoa1L,Counterfeits/Electronics,2014-10-16
45,EBAY SELLER ACCOUNT WITH 8 FEEDBACK,0.14356190,,rland,smart666tiger,vvKMDUoa1L,Counterfeits/Electronics,2014-10-16
46,Counterfeit Samsung Galaxy S5 Clone Copy with Logo Brand Phone,0.39153245,,,gaioso,vvKMDUoa1L,Counterfeits/Electronics,2014-10-16
47,♚ ++++ FAKED PACKSTATION ++++ ♚ 24/7 ✍ ✉ ✌,0.48289003,,Germany,Packstation24,vvKMDUoa1L,Counterfeits/Electronics,2014-10-16
48,Counterfeit Apple iPhone 6 Clone Copy with Logo Brand Phone,0.39153245,,,gaioso,vvKMDUoa1L,Counterfeits/Electronics,2014-10-16
49,Leather Louis Vuitton Sneakers (blue),0.45678786,,HongKong,Mike,XpMZAakr4w,Counterfeits/Clothing,2014-10-16
50,Diesel Jeans #M2,0.20620709,,HongKong,Mike,XpMZAakr4w,Counterfeits/Clothing,2014-10-16
51,Paul&Shark elastic men jeans replica (white/black/yellow/orange/ creamy white/blue)SH3-85,0.22969904,,China,Bigdeal100,XpMZAakr4w,Counterfeits/Clothing,2014-10-16
52,MiuMiu 3.5 Cm Platform Pump with 11.5cm diamond high heels,0.32627704,,China,Bigdeal100,XpMZAakr4w,Counterfeits/Clothing,2014-10-16
53,Diesel men jeans replica DI3-68,0.20359687,,China,Bigdeal100,XpMZAakr4w,Counterfeits/Clothing,2014-10-16
54,Chanel Round Heel Single Pumps in Sheepskin Leather pink top 1;1,0.32366683,,China,Bigdeal100,XpMZAakr4w,Counterfeits/Clothing,2014-10-16
55,D&G men jeans replica DG3-73,0.21403774,,China,Bigdeal100,XpMZAakr4w,Counterfeits/Clothing,2014-10-16
56,D&G men jeans replica DG5-73,0.20098666,,China,Bigdeal100,XpMZAakr4w,Counterfeits/Clothing,2014-10-16
57,Leather Louis Vuitton Sneakers (black),0.45678786,,HongKong,Mike,XpMZAakr4w,Counterfeits/Clothing,2014-10-16
58,MiuMiu Sandals with 13 Auger diamond crystal high heels,0.32366683,,China,Bigdeal100,XpMZAakr4w,Counterfeits/Clothing,2014-10-16
59,Dsquared short pants For Men -88a,0.14878233,,China,Bigdeal100,XpMZAakr4w,Counterfeits/Clothing,2014-10-16
60,Prada casual shoes for men,0.33410769,,China,Bigdeal100,XpMZAakr4w,Counterfeits/Clothing,2014-10-16
61,Dsquared AAA Straight Jeans For Men replica -79,0.15661298,,China,Bigdeal100,XpMZAakr4w,Counterfeits/Clothing,2014-10-16
62,Louis Vuitton Sneakers (beige),0.35237921,,HongKong,Mike,XpMZAakr4w,Counterfeits/Clothing,2014-10-16
63,Paul&Shark men jeans replica SH1-75,0.19576622,,China,Bigdeal100,XpMZAakr4w,Counterfeits/Clothing,2014-10-16
64,Dolce & Gabanna Jeans #M1,0.31322596,,HongKong,Mike,XpMZAakr4w,Counterfeits/Clothing,2014-10-16
65,Burberry Classic Slipper For Man,0.28712380,,China,Bigdeal100,XpMZAakr4w,Counterfeits/Clothing,2014-10-16
66,Diesel Jeans #M3,0.20620709,,HongKong,Mike,XpMZAakr4w,Counterfeits/Clothing,2014-10-16
67,LV Classic casual flats White For man,0.30017488,,China,Bigdeal100,XpMZAakr4w,Counterfeits/Clothing,2014-10-16
68,Dsquared short pants For Men -59,0.11745973,,China,Bigdeal100,XpMZAakr4w,Counterfeits/Clothing,2014-10-16
69,Louis Vuitton Sneakers (black),0.35237921,,HongKong,Mike,XpMZAakr4w,Counterfeits/Clothing,2014-10-16
70,Chanel women’s High heels hollow-out strap sandals,0.33932813,,China,Bigdeal100,XpMZAakr4w,Counterfeits/Clothing,2014-10-16
71,Diesel Jeans #M4,0.20620709,,HongKong,Mike,XpMZAakr4w,Counterfeits/Clothing,2014-10-16
72,New Style Lv Casual flats for girls,0.30017488,,China,Bigdeal100,XpMZAakr4w,Counterfeits/Clothing,2014-10-16
73,Paul&Shark men jeans replica SH4-85,0.22708882,,China,Bigdeal100,XpMZAakr4w,Counterfeits/Clothing,2014-10-16
74,Dolce & Gabanna Sneakers (white),0.43068570,,HongKong,Mike,XpMZAakr4w,Counterfeits/Clothing,2014-10-16
75,ORIGINAL VIBRAM FIVEFINGERS,0.15661298,,China,fake,XpMZAakr4w,Counterfeits/Clothing,2014-10-16
76,Dsquared AAA Straight Jeans For Men replica -88aa,0.20881731,,China,Bigdeal100,XpMZAakr4w,Counterfeits/Clothing,2014-10-16
77,Gucci leatherbelt(black/brown/white)G2-49,0.13051081,,China,Bigdeal100,XpMZAakr4w,Counterfeits/Clothing,2014-10-16
78,Dolce & Gabbana horsehair with Soft leather shoes for man,0.29234423,,China,Bigdeal100,XpMZAakr4w,Counterfeits/Clothing,2014-10-16
79,Digital Scale | High Quality | 0.01g,0.06522930,,USA,Oao,nL0oges5ZX,Electronics,2014-10-16
80,XBOX ONE 80% OFF RETAIL PRICE,0.20881731,,EU,L0rzo,nL0oges5ZX,Electronics,2014-10-16
81,✯✯Clipper RECHARGEABLE ECO-LIGHTER✯✯,0.07047584,,USA,optiman,nL0oges5ZX,Electronics,2014-10-16
82,Apple MacBook Air MD761LL/B 13.3-Inch Laptop 85% OFF RETAIL,0.44204014,,World,L0rzo,nL0oges5ZX,Electronics,2014-10-16
83,Digital Milligram Scale | High Quality | 0.001,0.09135757,,USA,Oao,nL0oges5ZX,Electronics,2014-10-16
84,STAY SAFE AND HEALTHY! - AntiSpy device - Signal Bug RF Hidden Camera Laser Lens Detector,0.10179843,,USA,optiman,nL0oges5ZX,Electronics,2014-10-16
85,HOW TO SET UP A PGP KEY FOR NOOBS,0.02607606,,rland,smart666tiger,nL0oges5ZX,Electronics,2014-10-16
86,TAILS Pre-installed Bootable USB Stick 8GB with Guide FREE POST,0.10440865,,Australia,aussieherbalsmoke,nL0oges5ZX,Electronics,2014-10-16
87,"ASUS ROG G750JM-DS71 17.3-inch Gaming Laptop, GeForce GTX 860M Graphics 85% OFF  RETAIL",0.51643131,,World,L0rzo,nL0oges5ZX,Electronics,2014-10-16
88,Telstra Anon/Activated Sims FE SPECIAL DISCOUNT $7.50,0.05872986,,Australia,RagnarLodbrok,nL0oges5ZX,Electronics,2014-10-16
89,50 MAGNETIC CARDS,0.12790060,,China,fake,nL0oges5ZX,Electronics,2014-10-16
90,60X - 100X Magnifying Glass Microscope - PERFECT FOR CHECKING BUDS!,0.07308605,,USA,optiman,nL0oges5ZX,Electronics,2014-10-16
91,Anonymous MUlTI-fit Vodafone Sim card,0.05220432,,Australia,HangAbout,nL0oges5ZX,Electronics,2014-10-16
92,HD WIFI Wall Clock Camcorder - WATCH LIVE!,0.46722873,,USA,optiman,nL0oges5ZX,Electronics,2014-10-16
93,Auto Bug Finder Pen Anti Spy - 30 Foot Range!!,0.31061575,,USA,optiman,nL0oges5ZX,Electronics,2014-10-16
94,3x Cigarette Case Portable SIgnal Jammer,0.52073816,,China,stiffstyles,nL0oges5ZX,Electronics,2014-10-16
95,Tails Live USB,0.11745973,,Australia,AusKing,nL0oges5ZX,Electronics,2014-10-16
96,3 Jammers for My Special friend !,0.70475842,,China,Bigdeal100,nL0oges5ZX,Electronics,2014-10-16
97,ENCRYPTED LINUX BASED STEALTH USB 3.0 STICK 16gb ANONYMOUS,0.25841142,,EU,fake,nL0oges5ZX,Electronics,2014-10-16
98,5 Pack Anonymous MUlTI-fit Vodafone Sim card,0.20881731,,Australia,HangAbout,nL0oges5ZX,Electronics,2014-10-16
99,Your Own .onion Domain + 1 month Tor hosting (no CP),0.03797864,,Internet,Contingency,nL0oges5ZX,Electronics,2014-10-16
100,"JAX-121B-5 jammer(CDMA/GSM,DCS,3G,4G1,4G2)",0.83526924,,China,Bigdeal100,nL0oges5ZX,Electronics,2014-10-16
101,BIG CARDING TUTORIAL CASHOUT FROM STOLEN CARDS,0.33932813,,rland,smart666tiger,nL0oges5ZX,Electronics,2014-10-16
102,Glasses Video Camera - ONLY SMALL QUANTITY LEFT!,0.33671791,,USA,optiman,nL0oges5ZX,Electronics,2014-10-16
103,Mini Alarm Clock Surveillance Camera - STAY SAFE!,0.20620709,,USA,optiman,nL0oges5ZX,Electronics,2014-10-16
104,Camcorder Alarm Clock with NIGHT VISION!!,0.23230925,,USA,optiman,nL0oges5ZX,Electronics,2014-10-16
105,Cap Camcorder DVR DVR+ Remote control - SR BEST SELLER!,0.25841142,,USA,optiman,nL0oges5ZX,Electronics,2014-10-16
106,A MAC ADRESS CHANGER SOFTWARE FOR MAC OS,0.02607606,,rland,smart666tiger,nL0oges5ZX,Electronics,2014-10-16
107,Smoke Detector WIFI Security Camera for iPhone and Android,0.31061575,,USA,optiman,nL0oges5ZX,Electronics,2014-10-16
108,PlayStation 4 Destiny Bundle 80% OFF RETAIL PRICE.,0.23230925,,EU,L0rzo,nL0oges5ZX,Electronics,2014-10-16
109,HPBCD 250g,0.39153245,,Canada,Fappy,evljk7AG11,Other,2014-10-16
110,Shipping fee,0.02610216,,USA,optiman,evljk7AG11,Other,2014-10-16
111,Credit card lockpick set,0.03915324,,Australia,hot-potato,evljk7AG11,Other,2014-10-16
112,HPBCD 50g,0.09918822,,Canada,Fappy,evljk7AG11,Other,2014-10-16
113,The Light Bulb Conspiracy (2010) DVDRip,0.00258411,,Internet,captainkirk,evljk7AG11,Other,2014-10-16
114,Double Lock Security Handcuffs - REVIVE YOUR SEX LIFE!,0.07047584,,USA,optiman,evljk7AG11,Other,2014-10-16
115,MBB POUCHES 6cmx9cm QTY100,0.05742476,,UK,StoneIsland,evljk7AG11,Other,2014-10-16
116,Halloween Mask Silver,0.05220432,,USA,OpenSource,evljk7AG11,Other,2014-10-16
117,Carding CC + PAYPAL Tutorial,0.01600000,,Internet,KryptykOG,evljk7AG11,Other,2014-10-16
118,A Clockwork Orange (1971) 720p,0.00258411,,Internet,captainkirk,evljk7AG11,Other,2014-10-16
119,MBB POUCHES 6cmx9cm  QTY50,0.03497689,,UK,StoneIsland,evljk7AG11,Other,2014-10-16
120,HPBCD 500g,0.65255409,,Canada,Fappy,evljk7AG11,Other,2014-10-16
121,Decoy first class letter - plain letter mailed from USA,0.01827151,,USA,DoctorNick,evljk7AG11,Other,2014-10-16
122,Bumfights 2: Bumlife (2003),0.00258411,,Internet,captainkirk,evljk7AG11,Other,2014-10-16
123,Bumfights 4: Return Of Ruckus (2006),0.00258411,,Internet,captainkirk,evljk7AG11,Other,2014-10-16
124,HPBCD 1000g (1kg),1.04408655,,Canada,Fappy,evljk7AG11,Other,2014-10-16
125,Natural Born Killers (1994) 720p,0.00258411,,Internet,captainkirk,evljk7AG11,Other,2014-10-16
126,300+ Roulette Systems Casino,0.02610216,,rland,casinoking,evljk7AG11,Other,2014-10-16
127,The Rise and Rise of Bitcoin (2014),0.00258411,,Internet,captainkirk,evljk7AG11,Other,2014-10-16
128,Custom Listing: TheHighest,0.71780950,,Netherlands,DrEarnhardt,evljk7AG11,Other,2014-10-16
129,HPBCD 28g,0.05742476,,Canada,Fappy,evljk7AG11,Other,2014-10-16
130,Mont Blanc Starwalker Mild Night (Replica),0.09657800,,China,Bigdeal100,evljk7AG11,Other,2014-10-16
131,Set of comb picks x 7,0.05220432,,Australia,hot-potato,evljk7AG11,Other,2014-10-16
132,meth pipes,0.25841142,,Australia,stiffstyles,evljk7AG11,Other,2014-10-16
133,Mailbox Master key FREE EXPRESS POST,0.11450477,,Australia,~BigBoy,evljk7AG11,Other,2014-10-16
134,Sheep eye socket delay ring/delay action sex toy - FREE SHIPPING,0.02610216,,World,Simple-Simon,evljk7AG11,Other,2014-10-16
135,Hackers [1995] DvDrip,0.00258411,,Internet,captainkirk,evljk7AG11,Other,2014-10-16
136,Bumfights 3: The Felony Footage (2004),0.00258411,,Internet,captainkirk,evljk7AG11,Other,2014-10-16
137,God Wants You Dead (PHYSICAL VERSION NEW),0.06525540,,,echo,evljk7AG11,Other,2014-10-16
138,BANK DROP ONLY 20% FEE,0.13051081,,,passman,evljk7AG11,Other,2014-10-16
139,Beverly Blue (10 packs x 20 cigarettes),0.09127926,,Ukraine,only,JBce3BnjnX,Tobacco/Smoked,2014-10-16
140,Davidoff Cheap Cigarettes to USA and EU,0.11484952,,EU,ShopAgent,JBce3BnjnX,Tobacco/Smoked,2014-10-16
141,SOBRANIE RUSSIANS Cheap Cigarettes to USA and EU,0.17224817,,EU,ShopAgent,JBce3BnjnX,Tobacco/Smoked,2014-10-16
142,Bond Cheap Cigarettes to USA and EU,0.08872125,,EU,ShopAgent,JBce3BnjnX,Tobacco/Smoked,2014-10-16
143,Hilton Gold (10 packs x 20 cigarettes),0.09127926,,Ukraine,only,JBce3BnjnX,Tobacco/Smoked,2014-10-16
144,Winston Silver (10 packs x 20 cigarettes),0.10433034,,Ukraine,only,JBce3BnjnX,Tobacco/Smoked,2014-10-16
145,West Cheap Cigarettes to USA and EU,0.08741614,,EU,ShopAgent,JBce3BnjnX,Tobacco/Smoked,2014-10-16
146,SALE 5 Pack Flavored Disposable E hookah Pen Up to 800 puffs!!!,0.06525540,,USA,ES-Light,JBce3BnjnX,Tobacco/Smoked,2014-10-16
147,Brilliant Cheap Cigarettes to USA and EU,0.08089060,,EU,ShopAgent,JBce3BnjnX,Tobacco/Smoked,2014-10-16
148,ESSE Cheap Cigarettes to USA and EU,0.10049333,,EU,ShopAgent,JBce3BnjnX,Tobacco/Smoked,2014-10-16
149,Camel Blue Cheap Cigarettes to USA and EU,0.09916212,,EU,ShopAgent,JBce3BnjnX,Tobacco/Smoked,2014-10-16
150,Treasurer London Luxury Gold Cheap Cigarettes to USA and EU,0.23228315,,EU,ShopAgent,JBce3BnjnX,Tobacco/Smoked,2014-10-16
151,Glamour Super Slims Lilac  (10 packs x 20 cigarettes),0.09127926,,Ukraine,only,JBce3BnjnX,Tobacco/Smoked,2014-10-16
152,Marlboro Red (10 packs x 20 cigarettes),0.11738143,,Ukraine,only,JBce3BnjnX,Tobacco/Smoked,2014-10-16
153,Flavored Disposable E hookah Pen Up to 800 puffs!!!,0.02349194,,USA,ES-Light,JBce3BnjnX,Tobacco/Smoked,2014-10-16
154,Vogue Cheap Cigarettes to USA and EU,0.09971026,,EU,ShopAgent,JBce3BnjnX,Tobacco/Smoked,2014-10-16
155,Kent HD 4 (10 packs x 20 cigarettes),0.11738143,,Ukraine,only,JBce3BnjnX,Tobacco/Smoked,2014-10-16
156,Monte Carlo Blue (10 packs x 20 cigarettes),0.10433034,,Ukraine,only,JBce3BnjnX,Tobacco/Smoked,2014-10-16
157,Armada Red (10 packs x 20 cigarettes),0.09127926,,Ukraine,only,JBce3BnjnX,Tobacco/Smoked,2014-10-16
158,Kiss Cheap Cigarettes to USA and EU,0.08689410,,EU,ShopAgent,JBce3BnjnX,Tobacco/Smoked,2014-10-16
159,Camel Silver  Cheap Cigarettes to USA and EU,0.09916212,,EU,ShopAgent,JBce3BnjnX,Tobacco/Smoked,2014-10-16
160,Winston Blue (10 packs x 20 cigarettes),0.10433034,,Ukraine,only,JBce3BnjnX,Tobacco/Smoked,2014-10-16
161,Astru Non Filter (10 packs x 20 cigarettes),0.06517710,,Ukraine,only,JBce3BnjnX,Tobacco/Smoked,2014-10-16
162,Camel Black mini Cheap Cigarettes to USA and EU,0.09916212,,EU,ShopAgent,JBce3BnjnX,Tobacco/Smoked,2014-10-16
163,Tobacco Flavored 30ml bottle of E-Liquid PROMO BUY 1 GET 1 FREE,0.03915324,,USA,ES-Light,JBce3BnjnX,Tobacco/Smoked,2014-10-16
164,President Classic Stars (10 packs x 20 cigarettes),0.09127926,,Ukraine,only,JBce3BnjnX,Tobacco/Smoked,2014-10-16
165,Camel Silver (10 packs x 20 cigarettes),0.10433034,,Ukraine,only,JBce3BnjnX,Tobacco/Smoked,2014-10-16
166,Capitain Black Royal Pipe Tobacco,0.28709770,,EU,ShopAgent,JBce3BnjnX,Tobacco/Smoked,2014-10-16
167,Davidoff Gold (10 packs x 20 cigarettes),0.11738143,,Ukraine,only,JBce3BnjnX,Tobacco/Smoked,2014-10-16
168,KENT Cheap Cigarettes to USA and EU,0.10701887,,EU,ShopAgent,JBce3BnjnX,Tobacco/Smoked,2014-10-16
169,Louis Vuitton Belt [FREE SHIPPING!],0.09135757,,USA,MagicHat,So2sFxw0DN,Counterfeits/Accessories,2014-10-16
170,Oakley Radar Sunglasses (black frames/fire iridium lenses),0.09135757,,USA,MagicHat,So2sFxw0DN,Counterfeits/Accessories,2014-10-16
171,Oakley Holbrook Sunglasses (white frames/smoke lenses),0.09135757,,USA,MagicHat,So2sFxw0DN,Counterfeits/Accessories,2014-10-16
172,Clothing Tag Remover - Sensormatic Hook,0.09135757,,USA,blackhand,So2sFxw0DN,Counterfeits/Accessories,2014-10-16
173,Versace Cashmere Scarf Replica,0.15661298,,rland,AsianVixene,So2sFxw0DN,Counterfeits/Accessories,2014-10-16
174,RayBan Wayfarer Sunglasses (Red/Black),0.09135757,,USA,MagicHat,So2sFxw0DN,Counterfeits/Accessories,2014-10-16
175,Oakley Holbrook Sunglasses (black frames/smoke lenses),0.09135757,,USA,MagicHat,So2sFxw0DN,Counterfeits/Accessories,2014-10-16
176,RayBan Clubmaster Sunglasses,0.09135757,,USA,MagicHat,So2sFxw0DN,Counterfeits/Accessories,2014-10-16
177,Pocket EAS tag detacher,0.09135757,,USA,blackhand,So2sFxw0DN,Counterfeits/Accessories,2014-10-16
178,Oakley Gascan Sunglasses,0.09135757,,USA,MagicHat,So2sFxw0DN,Counterfeits/Accessories,2014-10-16
179,Oakley Deviation Sunglasses (black frames/smoke lenses),0.09135757,,USA,MagicHat,So2sFxw0DN,Counterfeits/Accessories,2014-10-16
180,REALISTIC SILICONE MASK - MODEL N°4,3.91532458,,China,fake,So2sFxw0DN,Counterfeits/Accessories,2014-10-16
181,Oakley Oil Drum Sunglasses (black frames/emerald iridium lenses),0.09135757,,Worldwide,MagicHat,So2sFxw0DN,Counterfeits/Accessories,2014-10-16
182,RayBan Aviator Sunglasses,0.09135757,,USA,MagicHat,So2sFxw0DN,Counterfeits/Accessories,2014-10-16
183,Louis Vuitton Messenger Bag,0.18271514,,USA,MagicHat,So2sFxw0DN,Counterfeits/Accessories,2014-10-16
184,Louis Vuitton Mens Travel Tote Bag,0.44373678,,USA,MagicHat,So2sFxw0DN,Counterfeits/Accessories,2014-10-16
185,RayBan Wayfarer Sunglasses,0.09135757,,USA,MagicHat,So2sFxw0DN,Counterfeits/Accessories,2014-10-16
186,REALISTIC SILICONE MASK - MODEL N°3,2.47970556,,China,fake,So2sFxw0DN,Counterfeits/Accessories,2014-10-16
187,Oakley Radar Sunglasses (blue frames/smoke lenses),0.09135757,,USA,MagicHat,So2sFxw0DN,Counterfeits/Accessories,2014-10-16
188,Louis Vuitton Bosphore Backpack,0.24797055,,USA,MagicHat,So2sFxw0DN,Counterfeits/Accessories,2014-10-16
189,Louis Vuitton Eva Clutch,0.15661298,,USA,MagicHat,So2sFxw0DN,Counterfeits/Accessories,2014-10-16
190,Oakley Batwolf Sunglasses (white frames/smoke lenses),0.09135757,,USA,MagicHat,So2sFxw0DN,Counterfeits/Accessories,2014-10-16
191,Oakley Flak Jacket Sunglasses,0.09135757,,USA,MagicHat,So2sFxw0DN,Counterfeits/Accessories,2014-10-16
192,Lottery: €50 Counterfeit Note,0.01305108,,,passman,So2sFxw0DN,Counterfeits/Accessories,2014-10-16
193,RayBan Wayfarer Sunglasses (White/Black),0.09135757,,USA,MagicHat,So2sFxw0DN,Counterfeits/Accessories,2014-10-16
194,LV M94591 Replica,0.65255409,,rland,AsianVixene,So2sFxw0DN,Counterfeits/Accessories,2014-10-16
195,Louis Vuitton Evidence Sunglasses,0.11745973,,USA,MagicHat,So2sFxw0DN,Counterfeits/Accessories,2014-10-16
196,Louis Vuitton Speedy 30 Handbag,0.16966406,,USA,MagicHat,So2sFxw0DN,Counterfeits/Accessories,2014-10-16
197,REALISTIC SILICONE MASK - MODEL N°5,2.87123802,,China,fake,So2sFxw0DN,Counterfeits/Accessories,2014-10-16
198,Louis Vuitton Artsy MM Handbag,0.24797055,,USA,MagicHat,So2sFxw0DN,Counterfeits/Accessories,2014-10-16
199,Rechargeable Starbuzz Electronic Handheld Hookah,0.20920502,,USA,ES-Light,yevRYpGz9r,Tobacco/Paraphernalia,2014-10-16
200,Black Liquid Oil Vaporizer Single Kit FREE E LIQUID,0.06537656,,USA,ES-Light,yevRYpGz9r,Tobacco/Paraphernalia,2014-10-16
201,Green Liquid Oil Vaporizer Single Kit FREE E LIQUID,0.06537656,,USA,ES-Light,yevRYpGz9r,Tobacco/Paraphernalia,2014-10-16
202,Luxury Vaporizer Double Gift Set FREE E LIQUID,0.07845188,,USA,ES-Light,yevRYpGz9r,Tobacco/Paraphernalia,2014-10-16
203,Micro G Pen Wax Oil Vaporizer,0.07845188,,USA,ES-Light,yevRYpGz9r,Tobacco/Paraphernalia,2014-10-16
204,Liquid Oil Vaporizer Starter Kit SALE FOR LIMITED TIME ONLY,0.03922594,,USA,ES-Light,yevRYpGz9r,Tobacco/Paraphernalia,2014-10-16
205,Silver Liquid Oil Vaporizer Single Kit FREE E LIQUID,0.06537656,,USA,ES-Light,yevRYpGz9r,Tobacco/Paraphernalia,2014-10-16
206,Kushley Mist Organic Odor Eliminator 32oz.- KEEP SMELLS AWAY!,0.11506276,,USA,optiman,yevRYpGz9r,Tobacco/Paraphernalia,2014-10-16
207,Portable Liquid Oil Vaporizer Pipe,0.10460251,,USA,ES-Light,yevRYpGz9r,Tobacco/Paraphernalia,2014-10-16
208,AGO Blue Dry Herb Vaporizer,0.09152719,,USA,ES-Light,yevRYpGz9r,Tobacco/Paraphernalia,2014-10-16
209,21mg Nicotine Patch - 13x,0.04707112,,USA,blackhand,yevRYpGz9r,Tobacco/Paraphernalia,2014-10-16
210,AGO Black Dry Herb Vaporizer,0.09152719,,USA,ES-Light,yevRYpGz9r,Tobacco/Paraphernalia,2014-10-16
211,Red Liquid Oil Vaporizer Double Kit FREE E LIQUID,0.09152719,,USA,ES-Light,yevRYpGz9r,Tobacco/Paraphernalia,2014-10-16
212,Protank 3 atomizer for liquid oil vaporizers 510 threading,0.04445606,,USA,ES-Light,yevRYpGz9r,Tobacco/Paraphernalia,2014-10-16
213,Pink Liquid Oil Vaporizer Single Kit FREE E LIQUID,0.06537656,,USA,ES-Light,yevRYpGz9r,Tobacco/Paraphernalia,2014-10-16
214,KUSHLEY MIST 4OZ - KEEP  SMELLS AWAY,0.06799163,,USA,optiman,yevRYpGz9r,Tobacco/Paraphernalia,2014-10-16
215,Silver Liquid Oil Vaporizer Double Kit FREE E LIQUID,0.09152719,,USA,ES-Light,yevRYpGz9r,Tobacco/Paraphernalia,2014-10-16
216,AGO Green Dry Herb Vaporizer,0.09152719,,USA,ES-Light,yevRYpGz9r,Tobacco/Paraphernalia,2014-10-16
217,Kushley Soy Candles - CLEAN THE AIR!,0.09152719,,USA,optiman,yevRYpGz9r,Tobacco/Paraphernalia,2014-10-16
218,Red Liquid Oil Vaporizer Single Kit FREE E LIQUID,0.06537656,,USA,ES-Light,yevRYpGz9r,Tobacco/Paraphernalia,2014-10-16
219,Black Liquid Oil Vaporizer Double Kit FREE E LIQUID,0.09152719,,USA,ES-Light,yevRYpGz9r,Tobacco/Paraphernalia,2014-10-16
220,Green Liquid Oil Vaporizer Double Kit FREE E LIQUID,0.09152719,,USA,ES-Light,yevRYpGz9r,Tobacco/Paraphernalia,2014-10-16
221,AGO Red Dry Herb Vaporizer,0.09152719,,USA,ES-Light,yevRYpGz9r,Tobacco/Paraphernalia,2014-10-16
222,Blue Liquid Oil Vaporizer Double Kit FREE E LIQUID,0.09152719,,USA,ES-Light,yevRYpGz9r,Tobacco/Paraphernalia,2014-10-16
223,Blue Liquid Oil Vaporizer Single Kit FREE E LIQUID,0.06537656,,USA,ES-Light,yevRYpGz9r,Tobacco/Paraphernalia,2014-10-16
224,Snoop Dogg Dog G Pen Dry Herb Pen Newest Version Herbal Vaporizer,0.10457635,,USA,ES-Light,yevRYpGz9r,Tobacco/Paraphernalia,2014-10-16
225,AGO White Dry Herb Vaporizer,0.09152719,,USA,ES-Light,yevRYpGz9r,Tobacco/Paraphernalia,2014-10-16
226,climaks hotel booking,2.09466527,,,livinglarge,yevRYpGz9r,Tobacco/Paraphernalia,2014-10-16
227,custom hotel usa,1.38598326,,,livinglarge,yevRYpGz9r,Tobacco/Paraphernalia,2014-10-16
228,1 Gram Sample  Tobacco Spice,0.03922594,,USA,MrSunshine,yevRYpGz9r,Tobacco/Paraphernalia,2014-10-16
229,Tag Heuer Mikrogirder Replica,0.60034976,,rland,AsianVixene,ZS89i2K2XK,Counterfeits/Watches,2014-10-16
230,TAG Heuer - Carrera Calibre 1887 Grey Dial [AAA+],1.17198715,,HongKong,RepAAA,ZS89i2K2XK,Counterfeits/Watches,2014-10-16
231,Rolex - Daytona 2-Tone Gold Dial ETA [AAA+],0.85876119,,HongKong,RepAAA,ZS89i2K2XK,Counterfeits/Watches,2014-10-16
232,TAG Heuer - Grand Carrera Calibre 36 RS [AAA+],1.17198715,,HongKong,RepAAA,ZS89i2K2XK,Counterfeits/Watches,2014-10-16
233,Breitling - Super Avenger White Dial / Leather [AAA+],1.17198715,,HongKong,RepAAA,ZS89i2K2XK,Counterfeits/Watches,2014-10-16
234,Rolex - Milgauss Stainless Steel [AAA+],0.78045469,,HongKong,RepAAA,ZS89i2K2XK,Counterfeits/Watches,2014-10-16
235,Jaeger-LeCoultre - Master Control RG ETA [AAA+],0.64994388,,HongKong,RepAAA,ZS89i2K2XK,Counterfeits/Watches,2014-10-16
236,Rolex - Daytona 50th Anniversary ETA [AAA+],0.93706768,,HongKong,RepAAA,ZS89i2K2XK,Counterfeits/Watches,2014-10-16
237,Rolex - Submariner Pro-Hunter ETA [AAA+],0.78045469,,HongKong,RepAAA,ZS89i2K2XK,Counterfeits/Watches,2014-10-16
238,Rolex - Yacht-Master Grey Dial [Replica],0.38892224,,HongKong,RepAAA,ZS89i2K2XK,Counterfeits/Watches,2014-10-16
239,Hublot - Big Bang Rose Gold [Ultimate AAA+],1.56351961,,HongKong,RepAAA,ZS89i2K2XK,Counterfeits/Watches,2014-10-16
240,Audemars Piguet - Royal Oak Offshore Rubberclad SS [Ultimate AAA+],1.95505207,,HongKong,RepAAA,ZS89i2K2XK,Counterfeits/Watches,2014-10-16
241,Rolex Oyster Perpetual Cosmograph Daytona,0.65255409,,USA,MagicHat,ZS89i2K2XK,Counterfeits/Watches,2014-10-16
242,Panerai - Luminor 1950 Regatta Rattrapante DLC [AAA+],1.43300879,,HongKong,RepAAA,ZS89i2K2XK,Counterfeits/Watches,2014-10-16
243,Rolex - Sea-Dweller Deepsea SS [Replica],0.51943306,,HongKong,RepAAA,ZS89i2K2XK,Counterfeits/Watches,2014-10-16
244,Rolex - Submariner 2Tone YG/SS Black [Replica],0.38892224,,HongKong,RepAAA,ZS89i2K2XK,Counterfeits/Watches,2014-10-16
245,Omega - Speedmaster Lady Chrono Diamond [Replica],0.36282007,,HongKong,RepAAA,ZS89i2K2XK,Counterfeits/Watches,2014-10-16
246,Breitling - Box Large (AAA Grade Replica),0.23230925,,HongKong,RepAAA,ZS89i2K2XK,Counterfeits/Watches,2014-10-16
247,Rolex - Submariner Yellow Gold [Replica],0.38892224,,HongKong,RepAAA,ZS89i2K2XK,Counterfeits/Watches,2014-10-16
248,Rolex - Daydate President Full Yellow Gold Iced-Out [AAA+],1.30249797,,HongKong,RepAAA,ZS89i2K2XK,Counterfeits/Watches,2014-10-16
249,Rolex - Datejust Silver & Diamond Oyster [AAA+],0.64994388,,HongKong,RepAAA,ZS89i2K2XK,Counterfeits/Watches,2014-10-16
250,Rolex - Datejust 2-tone Black Dial ETA [AAA+],0.64994388,,HongKong,RepAAA,ZS89i2K2XK,Counterfeits/Watches,2014-10-16
251,Hublot - Big Bang All Black Ceramic [Ultimate AAA+],1.56351961,,HongKong,RepAAA,ZS89i2K2XK,Counterfeits/Watches,2014-10-16
252,Patek Philippe - Nautilus SS Blue ETA [AAA+],0.91096551,,HongKong,RepAAA,ZS89i2K2XK,Counterfeits/Watches,2014-10-16
253,Audemars Piguet - Royal Oak Offshore Chronograph Forged Carbon [AAA+],2.42489102,,HongKong,RepAAA,ZS89i2K2XK,Counterfeits/Watches,2014-10-16
254,Tudor - Heritage Black Bay 2012 [Ultimate AAA+],1.17198715,,HongKong,RepAAA,ZS89i2K2XK,Counterfeits/Watches,2014-10-16
255,Hublot - Big Bang RGold Ceramic Set [Ultimate AAA+],1.77233692,,HongKong,RepAAA,ZS89i2K2XK,Counterfeits/Watches,2014-10-16
256,Breitling - Bentley Flying B Chronograph Black/Leather [AAA+],1.56351961,,HongKong,RepAAA,ZS89i2K2XK,Counterfeits/Watches,2014-10-16
257,Omega - Constellation Brushed RG [Replica],0.57163738,,HongKong,RepAAA,ZS89i2K2XK,Counterfeits/Watches,2014-10-16
258,Omega DeVille Skeleton  Replica,0.65255409,,rland,AsianVixene,ZS89i2K2XK,Counterfeits/Watches,2014-10-16
259,GUCCI skull necklace,0.26102163,,China,Bigdeal100,EKbrBV7frb,Jewelry,2014-10-16
260,Montblanc Sunglasses Replica 0024 c12-70,0.15661298,,China,Bigdeal100,EKbrBV7frb,Jewelry,2014-10-16
261,Inspired Cartier Fox Bracelet in Pink Gold(Replica),0.08613714,,China,Bigdeal100,EKbrBV7frb,Jewelry,2014-10-16
262,10 Troy Ounce Silver Bar- Scottsdale Silver Stacker,0.57900000,,Australia,mr.cashout,EKbrBV7frb,Jewelry,2014-10-16
263,Dior Sunglasses Replica 3957 c14-38,0.09918822,,China,Bigdeal100,EKbrBV7frb,Jewelry,2014-10-16
264,Faux Bvlgari B.Zero1 4-Band Ring with Ceramic,0.14356190,,China,Bigdeal100,EKbrBV7frb,Jewelry,2014-10-16
265,Inspired Cartier Full Heart Bracelet in 18k Pink Gold(replica),0.11745973,,China,Bigdeal100,EKbrBV7frb,Jewelry,2014-10-16
266,NEW Chanel J12 White Ceramic 38mm Automatic Watch 33001(replica AAA),0.46983894,,China,Bigdeal100,EKbrBV7frb,Jewelry,2014-10-16
267,Dior Sunglasses Replica UV-blocking  c15-70,0.15661298,,China,Bigdeal100,EKbrBV7frb,Jewelry,2014-10-16
268,CHANEL N.5 - REPLICA,0.11745973,,China,fake,EKbrBV7frb,Jewelry,2014-10-16
269,Armani watch - AR1667  - 100% original,0.48941557,,,Mike,EKbrBV7frb,Jewelry,2014-10-16
270,Copy of Cartier bangle love-Leve Lovers Bangles white Gold Diamond Replica,0.15661298,,China,Bigdeal100,EKbrBV7frb,Jewelry,2014-10-16
271,Gucci Sunglasses 3125 Replica G7-66,0.14617211,,China,Bigdeal100,EKbrBV7frb,Jewelry,2014-10-16
272,Gucci Sunglasses 5001 Replica G8-60 (red /gold /blue),0.15661298,,China,Bigdeal100,EKbrBV7frb,Jewelry,2014-10-16
273,Gucci Sunglasses 5251 Replica G6-60,0.15661298,,China,Bigdeal100,EKbrBV7frb,Jewelry,2014-10-16
274,Hermes Collier de Chien bracelet replica AAA H1-50,0.13051081,,China,Bigdeal100,EKbrBV7frb,Jewelry,2014-10-16
275,Gucci Sunglasses Replica  3129 G1-43,0.10440865,,China,Bigdeal100,EKbrBV7frb,Jewelry,2014-10-16
276,Michael Kors change purse replica mk2-20,0.09135757,,China,Bigdeal100,EKbrBV7frb,Jewelry,2014-10-16
277,Michael Kors lady Stripe  bags replica mk1-78,0.22186839,,China,Bigdeal100,EKbrBV7frb,Jewelry,2014-10-16
278,Gucci Sunglasses Replica  2827 G2-80 (black / white/ pink/brown),0.20881731,,China,Bigdeal100,EKbrBV7frb,Jewelry,2014-10-16
279,Imitation Bvlgari double combination wedding ring rose gold replica,0.11745973,,China,Bigdeal100,EKbrBV7frb,Jewelry,2014-10-16
280,1/10th Troy Ounce Gold Coin- Perth Mint 2014 Kangaroo,0.43500000,,Australia,mr.cashout,EKbrBV7frb,Jewelry,2014-10-16
281,Montblanc Sunglasses Replica  MB-373 (black/gray / brown) c11-63,0.16444363,,China,Bigdeal100,EKbrBV7frb,Jewelry,2014-10-16
282,Faux Bvlgari B.ZERO1 3-band ring Replica,0.13051081,,China,Bigdeal100,EKbrBV7frb,Jewelry,2014-10-16
283,Gucci Sunglasses 3043 Replica G5-55,0.13051081,,China,Bigdeal100,EKbrBV7frb,Jewelry,2014-10-16
284,1 Troy Ounce Gold Coin- Perth Mint Kangaroo,3.74320000,,Australia,mr.cashout,EKbrBV7frb,Jewelry,2014-10-16
285,Knock off Montblanc Sunglasses Replica (black/red / green/ blue) c10-45,0.10440865,,China,Bigdeal100,EKbrBV7frb,Jewelry,2014-10-16
286,Gucci Sunglasses 1622 Replica G3-59 (black /brown),0.13051081,,China,Bigdeal100,EKbrBV7frb,Jewelry,2014-10-16
287,Dior Sunglasses Replica Fashion and cool tide restoring ancient ways c13-44,0.12790060,,China,Bigdeal100,EKbrBV7frb,Jewelry,2014-10-16
288,Copy of Bvlgari B.ZERO1 pendant with chain in 18kt white gold with pave diamonds,0.18271514,,China,Bigdeal100,EKbrBV7frb,Jewelry,2014-10-16
